Transaction ID,Date,Time,Store ID,Product Name,Category,Subcategory,Quantity Sold,Price per Unit,Total Sales,Discount,Payment Method,Customer ID,Age,Gender,Income Level,Location,Loyalty Program,Purchase Frequency
T0083,2024-01-15,08:36:04,S004,Washing Machines 108,Home Appliances,Washing Machines,4,13659.26,54637.04,2760.08,Mobile Payment,C0092,27,Female,"75,000-99,999",Bangalore,No,Medium
T0056,2024-02-15,01:14:08,S004,Skincare Products 391,Health and Wellness,Skincare Products,2,52159.51,104319.02,15957.3,Debit Card,C0065,29,Male,"25,000-49,999",Bangalore,Yes,Low
T0082,2024-04-30,06:42:48,S004,Dumbbells 432,Sports and Outdoors,Dumbbells,2,73937.6,147875.2,43012.84,Cash,C0055,51,Female,"50,000-74,999",Bangalore,No,Medium
T0099,2024-01-28,12:31:31,S001,Camping Gear 190,Sports and Outdoors,Camping Gear,4,35479.08,141916.32,20502.98,Credit Card,C0057,44,Female,"50,000-74,999",Bangalore,Yes,High
T0088,2024-02-27,00:01:06,S001,Sunglasses 465,Fashion and Accessories,Sunglasses,1,10341.52,10341.52,2657.65,Mobile Payment,C0092,61,Female,"75,000-99,999",Chennai,No,High
T0020,2024-07-12,08:50:44,S005,Bluetooth Speakers 830,Electronics,Bluetooth Speakers,2,6483.33,12966.66,2517.23,Debit Card,C0083,40,Male,"100,000+",Mumbai,Yes,Low
T0011,2024-07-17,14:20:56,S001,Jackets 643,Fashion and Accessories,Jackets,2,77409.8,154819.6,22132.36,Mobile Payment,C0065,54,Male,"50,000-74,999",Hyderabad,No,Low
T0037,2024-05-05,05:13:27,S002,Hats 710,Fashion and Accessories,Hats,4,77608.38,310433.52,87324.27,Credit Card,C0044,75,Female,"50,000-74,999",Delhi,No,Medium
T0082,2024-01-27,13:49:43,S004,Massage Devices 216,Health and Wellness,Massage Devices,3,74009.68,222029.04,55164.09,Mobile Payment,C0022,51,Female,"75,000-99,999",Chennai,Yes,Medium
T0010,2024-04-30,01:44:28,S003,Vitamins 525,Health and Wellness,Vitamins,2,88152.29,176304.58,35153.88,Debit Card,C001,25,Male,"50,000-74,999",Delhi,Yes,High
T0027,2024-06-25,17:57:14,S002,Gloves 546,Fashion and Accessories,Gloves,1,56357.87,56357.87,16008.35,Cash,C0049,84,Female,"<25,000",Chennai,No,Low
T0093,2024-03-12,14:27:11,S003,Yoga Accessories 304,Health and Wellness,Yoga Accessories,1,55732.34,55732.34,4335.48,Credit Card,C0040,62,Female,"<25,000",Mumbai,Yes,Low
T0045,2024-01-25,00:56:45,S004,Treadmills 313,Sports and Outdoors,Treadmills,5,61376.07,306880.35,42041.6,Credit Card,C0071,78,Male,"50,000-74,999",Mumbai,Yes,Low
T0053,2024-03-01,12:27:28,S003,Dishwashers 916,Home Appliances,Dishwashers,2,41030.33,82060.66,18027.53,Mobile Payment,C0090,70,Female,"100,000+",Bangalore,No,High
T0098,2024-01-22,13:13:33,S005,Refrigerators 544,Home Appliances,Refrigerators,3,25256.43,75769.29,6495.46,Debit Card,C0035,23,Male,"25,000-49,999",Hyderabad,No,Medium
T0037,2024-07-13,09:34:56,S004,Water Bottles 893,Sports and Outdoors,Water Bottles,2,59232.97,118465.94,3348.97,Mobile Payment,C0046,68,Male,"25,000-49,999",Chennai,No,Low
T0040,2024-03-20,16:40:49,S004,Printers 148,Electronics,Printers,3,76783.85,230351.55,17759.29,Mobile Payment,C0039,77,Male,"50,000-74,999",Delhi,No,High
T0060,2024-07-14,07:52:18,S005,Microwave Ovens 767,Home Appliances,Microwave Ovens,5,48323.04,241615.2,29148.08,Mobile Payment,C0023,76,Male,"25,000-49,999",Mumbai,Yes,Low
T0084,2024-03-03,11:52:50,S003,Belts 509,Fashion and Accessories,Belts,2,66321.21,132642.42,17374.67,Debit Card,C004,47,Female,"100,000+",Bangalore,No,Low
T0019,2024-06-13,15:09:55,S003,Protein Powders 596,Health and Wellness,Protein Powders,3,41206.36,123619.08,36352.82,Credit Card,C0084,48,Male,"50,000-74,999",Chennai,Yes,Medium
T007,2024-01-23,02:05:53,S003,Water Bottles 969,Sports and Outdoors,Water Bottles,5,48672.85,243364.25,52460.31,Cash,C0038,75,Female,"100,000+",Delhi,Yes,Medium
T0065,2024-05-01,19:09:40,S001,eBooks 891,Books and Media,eBooks,2,28522.91,57045.82,909.05,Debit Card,C0076,75,Female,"100,000+",Mumbai,No,High
T0016,2024-01-06,13:18:16,S004,Hiking Boots 654,Sports and Outdoors,Hiking Boots,3,62554.0,187662.0,21556.88,Credit Card,C008,73,Female,"100,000+",Hyderabad,Yes,Medium
T0035,2024-02-04,14:50:08,S003,Supplements 139,Health and Wellness,Supplements,2,72080.2,144160.4,17165.56,Cash,C0023,75,Female,"50,000-74,999",Delhi,No,Low
T0061,2024-07-08,18:17:43,S003,Graphic Novels 944,Books and Media,Graphic Novels,4,85750.45,343001.8,25794.88,Cash,C0064,63,Male,"25,000-49,999",Mumbai,Yes,High
T0099,2024-03-17,17:15:15,S002,Protein Powders 791,Health and Wellness,Protein Powders,2,76113.05,152226.1,32548.19,Credit Card,C007,61,Female,"50,000-74,999",Mumbai,No,High
T0047,2024-02-10,23:35:55,S001,Fiction Books 209,Books and Media,Fiction Books,5,1480.81,7404.05,1994.21,Cash,C0060,45,Male,"25,000-49,999",Bangalore,No,Low
T007,2024-02-12,15:34:08,S001,Laptops 228,Electronics,Laptops,4,30261.02,121044.08,12029.47,Credit Card,C0065,42,Male,"50,000-74,999",Chennai,No,Low
T0060,2024-05-19,10:27:34,S001,Essential Oils 935,Health and Wellness,Essential Oils,1,18721.12,18721.12,1540.89,Cash,C0045,61,Female,"<25,000",Hyderabad,Yes,Medium
T0081,2024-01-08,18:13:42,S002,Fitness Equipment 820,Health and Wellness,Fitness Equipment,5,37101.68,185508.4,34339.17,Credit Card,C007,59,Female,"100,000+",Mumbai,No,Medium
T0013,2024-03-29,12:18:19,S004,Hats 964,Fashion and Accessories,Hats,4,48466.22,193864.88,9206.81,Cash,C0066,54,Male,"25,000-49,999",Bangalore,Yes,Low
T005,2024-07-15,12:04:55,S005,Camping Gear 270,Sports and Outdoors,Camping Gear,3,14335.12,43005.36,8707.7,Credit Card,C0054,45,Male,"100,000+",Delhi,Yes,Medium
T0021,2024-05-11,13:32:43,S004,Handbags 996,Fashion and Accessories,Handbags,4,14833.68,59334.72,16857.8,Cash,C0045,37,Female,"75,000-99,999",Bangalore,Yes,High
T0069,2024-02-24,22:00:47,S004,Fitness Trackers 401,Sports and Outdoors,Fitness Trackers,5,33595.4,167977.0,18806.27,Cash,C0058,29,Male,"25,000-49,999",Mumbai,Yes,Medium
T0033,2024-01-03,20:22:24,S001,Air Purifiers 815,Home Appliances,Air Purifiers,3,46165.98,138497.94,4630.22,Credit Card,C0032,45,Female,"50,000-74,999",Bangalore,Yes,High
T009,2024-01-07,12:27:20,S004,Microwave Ovens 306,Home Appliances,Microwave Ovens,4,6881.86,27527.44,7763.3,Mobile Payment,C002,82,Female,"<25,000",Hyderabad,Yes,Low
T0043,2024-02-18,18:45:23,S005,Air Purifiers 491,Home Appliances,Air Purifiers,2,51708.56,103417.12,22351.02,Cash,C0078,27,Female,"100,000+",Chennai,Yes,Medium
T0035,2024-06-04,14:52:00,S002,Yoga Accessories 570,Health and Wellness,Yoga Accessories,5,3014.1,15070.5,3702.48,Mobile Payment,C008,26,Male,"100,000+",Hyderabad,Yes,High
T0087,2024-06-03,19:35:56,S005,Digital Cameras 525,Electronics,Digital Cameras,3,68444.86,205334.58,40081.47,Debit Card,C0031,46,Female,"25,000-49,999",Bangalore,No,Low
T0038,2024-02-29,23:58:34,S004,Refrigerators 441,Home Appliances,Refrigerators,2,56352.83,112705.66,11460.25,Cash,C0015,30,Female,"25,000-49,999",Mumbai,Yes,Medium
T0099,2024-02-12,20:00:05,S003,Skincare Products 525,Health and Wellness,Skincare Products,4,15123.23,60492.92,8036.25,Debit Card,C006,53,Female,"100,000+",Delhi,No,High
T0036,2024-04-26,21:08:03,S003,Hats 763,Fashion and Accessories,Hats,3,74334.9,223004.7,37662.26,Cash,C0062,33,Male,"<25,000",Delhi,No,Medium
T0078,2024-03-24,12:23:14,S003,Essential Oils 640,Health and Wellness,Essential Oils,1,68585.72,68585.72,14043.59,Credit Card,C0068,83,Male,"50,000-74,999",Delhi,No,Low
T0078,2024-04-07,19:17:46,S003,Fitness Trackers 570,Sports and Outdoors,Fitness Trackers,1,95131.58,95131.58,14010.73,Credit Card,C0095,60,Male,"50,000-74,999",Bangalore,No,Medium
T0027,2024-06-22,00:18:24,S005,Watches 114,Fashion and Accessories,Watches,5,57362.39,286811.95,35096.8,Cash,C0086,57,Male,"25,000-49,999",Bangalore,Yes,Low
T0083,2024-05-27,00:37:57,S001,Comic Books 443,Books and Media,Comic Books,5,73388.44,366942.2,60425.72,Mobile Payment,C0089,68,Male,"75,000-99,999",Chennai,No,Low
T0074,2024-06-14,23:58:54,S001,Skincare Products 162,Health and Wellness,Skincare Products,4,37049.52,148198.08,33758.72,Mobile Payment,C0014,56,Male,"25,000-49,999",Delhi,Yes,High
T0091,2024-03-12,10:36:03,S002,Haircare Products 908,Health and Wellness,Haircare Products,5,12506.28,62531.4,7250.53,Cash,C0085,57,Female,"75,000-99,999",Hyderabad,No,High
T0033,2024-02-01,20:47:55,S005,Yoga Mats 413,Sports and Outdoors,Yoga Mats,3,60447.53,181342.59,45356.41,Credit Card,C0022,69,Female,"50,000-74,999",Delhi,No,Medium
T0027,2024-01-13,12:52:21,S004,Blenders 226,Home Appliances,Blenders,5,15181.96,75909.8,5299.62,Cash,C0054,78,Male,"<25,000",Hyderabad,No,Medium
T0041,2024-03-27,00:26:18,S005,Vinyl Records 744,Books and Media,Vinyl Records,3,26995.49,80986.47,16606.99,Mobile Payment,C0064,61,Male,"100,000+",Delhi,Yes,High
T0018,2024-06-11,21:11:23,S001,DVDs 104,Books and Media,DVDs,1,13849.31,13849.31,1870.63,Credit Card,C0014,80,Female,"100,000+",Chennai,Yes,Low
T0055,2024-04-12,07:00:34,S002,Running Shoes 237,Sports and Outdoors,Running Shoes,3,73922.84,221768.52,40514.64,Debit Card,C0012,48,Male,"<25,000",Mumbai,No,High
T0098,2024-04-03,04:54:38,S003,Laptops 283,Electronics,Laptops,5,60509.65,302548.25,9428.9,Debit Card,C0078,44,Female,"75,000-99,999",Bangalore,No,High
T0078,2024-01-30,16:51:10,S002,Hiking Boots 389,Sports and Outdoors,Hiking Boots,3,22006.23,66018.69,13902.3,Credit Card,C0024,54,Male,"25,000-49,999",Bangalore,Yes,Medium
T007,2024-06-16,10:24:12,S004,Printers 212,Electronics,Printers,2,4391.5,8783.0,482.99,Debit Card,C0089,61,Male,"<25,000",Hyderabad,Yes,Low
T0025,2024-04-14,09:01:30,S001,Laptops 574,Electronics,Laptops,1,86981.59,86981.59,2829.41,Credit Card,C0074,41,Male,"<25,000",Mumbai,No,Medium
T0044,2024-05-13,00:37:57,S003,Graphic Novels 936,Books and Media,Graphic Novels,2,86414.34,172828.68,31617.89,Cash,C0081,52,Female,"100,000+",Mumbai,No,High
T0070,2024-01-12,09:13:30,S004,Audiobooks 867,Books and Media,Audiobooks,1,54523.92,54523.92,7110.52,Cash,C0099,39,Female,"50,000-74,999",Bangalore,No,Medium
T0055,2024-04-01,02:42:34,S001,Gloves 898,Fashion and Accessories,Gloves,3,81607.52,244822.56,4881.77,Mobile Payment,C0047,54,Female,"<25,000",Bangalore,Yes,High
T0065,2024-02-13,10:22:24,S003,Magazines 787,Books and Media,Magazines,4,20473.17,81892.68,23246.54,Mobile Payment,C0062,70,Male,"75,000-99,999",Bangalore,Yes,Low
T0094,2024-03-03,23:07:52,S005,Home Assistants 576,Electronics,Home Assistants,1,12784.74,12784.74,731.34,Credit Card,C0058,27,Female,"100,000+",Bangalore,No,Medium
T0015,2024-01-09,05:43:51,S003,eBooks 340,Books and Media,eBooks,1,30291.71,30291.71,4256.33,Debit Card,C0097,81,Male,"50,000-74,999",Chennai,Yes,Low
T0072,2024-01-24,11:03:55,S001,Magazines 507,Books and Media,Magazines,5,12546.43,62732.15,3666.65,Debit Card,C0020,35,Male,"25,000-49,999",Mumbai,No,High
T0066,2024-03-28,18:01:01,S001,Routers 998,Electronics,Routers,1,58051.01,58051.01,14301.27,Credit Card,C0015,42,Female,"100,000+",Hyderabad,Yes,Low
T0011,2024-05-25,03:51:41,S004,Sunglasses 696,Fashion and Accessories,Sunglasses,1,20706.29,20706.29,2596.47,Cash,C0025,58,Male,"75,000-99,999",Bangalore,Yes,Medium
T0065,2024-02-18,00:09:20,S001,Jewelry 641,Fashion and Accessories,Jewelry,4,64751.66,259006.64,16675.46,Mobile Payment,C0048,63,Female,"100,000+",Hyderabad,No,High
T0098,2024-02-28,15:48:29,S002,Refrigerators 276,Home Appliances,Refrigerators,2,67883.81,135767.62,25107.4,Debit Card,C0043,40,Male,"75,000-99,999",Bangalore,No,Medium
T0084,2024-06-26,03:18:54,S005,Handbags 941,Fashion and Accessories,Handbags,5,60936.81,304684.05,64584.82,Debit Card,C0012,22,Female,"<25,000",Delhi,Yes,Medium
T0044,2024-02-21,00:49:55,S002,Scarves 486,Fashion and Accessories,Scarves,5,65676.74,328383.7,64287.71,Cash,C0041,76,Female,"50,000-74,999",Mumbai,No,Medium
T0052,2024-03-13,00:26:32,S003,CDs 485,Books and Media,CDs,4,76346.54,305386.16,66737.77,Credit Card,C0050,25,Female,"100,000+",Bangalore,Yes,Low
T0021,2024-02-03,04:48:52,S005,Non-Fiction Books 227,Books and Media,Non-Fiction Books,3,23934.52,71803.56,4893.54,Credit Card,C0023,33,Male,"100,000+",Chennai,Yes,Low
T0047,2024-02-24,19:21:56,S004,Graphic Novels 174,Books and Media,Graphic Novels,5,19086.21,95431.05,9639.43,Debit Card,C0096,80,Female,"100,000+",Hyderabad,No,High
T0077,2024-02-17,10:40:25,S003,Printers 864,Electronics,Printers,4,8453.75,33815.0,8665.27,Cash,C0050,66,Male,"25,000-49,999",Delhi,Yes,High
T0092,2024-06-18,16:25:42,S003,Refrigerators 805,Home Appliances,Refrigerators,1,68924.69,68924.69,13532.98,Credit Card,C0042,70,Male,"75,000-99,999",Delhi,Yes,Low
T002,2024-05-31,11:08:34,S004,Smartphones 810,Electronics,Smartphones,3,43446.25,130338.75,21115.64,Cash,C0066,50,Female,"75,000-99,999",Mumbai,Yes,High
T0053,2024-02-27,01:03:47,S003,Vitamins 568,Health and Wellness,Vitamins,1,56969.05,56969.05,13999.57,Credit Card,C0098,42,Male,"25,000-49,999",Hyderabad,No,High
T0030,2024-04-30,16:25:17,S004,Yoga Mats 972,Sports and Outdoors,Yoga Mats,3,27054.13,81162.39,5419.08,Debit Card,C0042,43,Female,"<25,000",Bangalore,No,High
T0063,2024-05-04,22:00:09,S005,Yoga Mats 116,Sports and Outdoors,Yoga Mats,5,1900.42,9502.1,2543.08,Debit Card,C0055,26,Female,"100,000+",Chennai,Yes,Medium
T0042,2024-01-23,23:39:02,S002,Air Purifiers 974,Home Appliances,Air Purifiers,1,95128.64,95128.64,20337.16,Debit Card,C0077,68,Female,"<25,000",Bangalore,No,High
T0093,2024-05-25,23:18:32,S001,Digital Cameras 423,Electronics,Digital Cameras,3,47730.87,143192.61,42502.04,Credit Card,C0053,45,Male,"25,000-49,999",Delhi,No,Low
T005,2024-07-06,21:07:22,S005,Microwave Ovens 629,Home Appliances,Microwave Ovens,4,54307.56,217230.24,18304.13,Credit Card,C0058,83,Male,"25,000-49,999",Mumbai,Yes,High
T0080,2024-01-16,06:40:33,S004,Vacuum Cleaners 518,Home Appliances,Vacuum Cleaners,4,6150.53,24602.12,3108.41,Cash,C0081,76,Male,"100,000+",Bangalore,No,Medium
T0078,2024-04-28,01:17:37,S004,Blenders 760,Home Appliances,Blenders,2,88731.58,177463.16,30606.58,Cash,C0063,50,Male,"50,000-74,999",Bangalore,No,High
T0015,2024-05-16,15:48:49,S002,Routers 367,Electronics,Routers,5,76525.32,382626.6,14760.71,Debit Card,C0097,68,Male,"25,000-49,999",Bangalore,Yes,Medium
T0024,2024-03-11,06:56:25,S002,Electric Kettles 625,Home Appliances,Electric Kettles,5,14609.0,73045.0,9555.88,Credit Card,C0050,57,Male,"75,000-99,999",Hyderabad,No,Low
T003,2024-02-27,12:09:57,S004,Running Shoes 492,Sports and Outdoors,Running Shoes,4,12534.22,50136.88,10440.29,Mobile Payment,C0081,59,Male,"75,000-99,999",Delhi,No,High
T0098,2024-01-11,00:04:27,S004,Yoga Mats 375,Sports and Outdoors,Yoga Mats,3,78144.9,234434.7,4123.99,Cash,C0069,68,Female,"25,000-49,999",Hyderabad,No,High
T0096,2024-02-15,15:46:57,S005,Essential Oils 823,Health and Wellness,Essential Oils,3,57754.63,173263.89,32051.01,Credit Card,C0022,49,Male,"<25,000",Hyderabad,No,Low
T0056,2024-04-15,07:16:18,S002,Non-Fiction Books 691,Books and Media,Non-Fiction Books,2,76712.83,153425.66,26742.72,Debit Card,C0034,28,Male,"<25,000",Chennai,No,Low
T0019,2024-05-08,06:21:32,S004,eBooks 928,Books and Media,eBooks,5,12916.89,64584.45,5998.92,Cash,C0022,81,Female,"50,000-74,999",Chennai,No,Low
T0013,2024-01-02,07:47:18,S004,Electric Kettles 774,Home Appliances,Electric Kettles,2,30767.89,61535.78,14051.83,Debit Card,C0050,44,Male,"75,000-99,999",Mumbai,Yes,Low
T00100,2024-05-03,13:53:08,S002,Handbags 504,Fashion and Accessories,Handbags,1,48647.06,48647.06,5979.19,Credit Card,C0068,22,Male,"100,000+",Chennai,No,Low
T0029,2024-02-24,12:34:02,S005,Yoga Accessories 539,Health and Wellness,Yoga Accessories,4,73062.24,292248.96,1397.45,Cash,C0044,63,Male,"50,000-74,999",Delhi,No,Low
T0080,2024-05-06,00:26:22,S002,Bicycles 871,Sports and Outdoors,Bicycles,3,2534.96,7604.88,390.43,Mobile Payment,C0072,67,Female,"50,000-74,999",Delhi,No,High
T0019,2024-02-02,22:43:54,S004,Vinyl Records 813,Books and Media,Vinyl Records,5,86015.14,430075.7,90928.73,Debit Card,C0094,67,Male,"25,000-49,999",Hyderabad,Yes,Low
T0019,2024-05-14,06:01:40,S003,Fitness Trackers 966,Sports and Outdoors,Fitness Trackers,1,95515.13,95515.13,28041.76,Mobile Payment,C0091,48,Female,"<25,000",Chennai,Yes,Medium
T0069,2024-04-10,08:40:22,S002,Shoes 423,Fashion and Accessories,Shoes,2,2126.64,4253.28,508.87,Mobile Payment,C003,59,Male,"<25,000",Chennai,Yes,High
T0048,2024-07-13,12:55:21,S004,CDs 732,Books and Media,CDs,4,61820.23,247280.92,73433.98,Cash,C0064,84,Female,"75,000-99,999",Mumbai,No,Medium
T0086,2024-01-31,18:35:08,S002,Massage Devices 813,Health and Wellness,Massage Devices,4,26187.99,104751.96,329.67,Cash,C0029,25,Female,"75,000-99,999",Bangalore,No,Low
T0043,2024-02-06,11:57:34,S001,Water Heaters 450,Home Appliances,Water Heaters,5,82151.26,410756.3,41309.72,Mobile Payment,C0063,80,Male,"75,000-99,999",Chennai,No,Medium
T0069,2024-05-21,18:18:07,S002,Non-Fiction Books 633,Books and Media,Non-Fiction Books,1,50950.19,50950.19,11232.83,Cash,C0087,83,Female,"<25,000",Mumbai,No,Low
T00100,2024-01-31,15:50:18,S005,Fiction Books 237,Books and Media,Fiction Books,3,79743.15,239229.45,66615.9,Cash,C0042,22,Male,"75,000-99,999",Delhi,No,High
T0092,2024-04-27,22:51:51,S004,Jewelry 626,Fashion and Accessories,Jewelry,1,21250.22,21250.22,4524.5,Credit Card,C009,54,Male,"100,000+",Bangalore,No,Low
T0028,2024-04-15,07:11:15,S004,Graphic Novels 603,Books and Media,Graphic Novels,3,17512.92,52538.76,2089.27,Debit Card,C0098,72,Female,"100,000+",Bangalore,No,High
T0056,2024-01-09,09:57:28,S001,Gloves 736,Fashion and Accessories,Gloves,1,43294.73,43294.73,10230.06,Credit Card,C0073,62,Female,"100,000+",Bangalore,No,Medium
T0070,2024-02-03,08:17:55,S004,Graphic Novels 756,Books and Media,Graphic Novels,3,60690.62,182071.86,37873.25,Credit Card,C00100,84,Female,"50,000-74,999",Hyderabad,Yes,Medium
T0082,2024-04-18,13:58:27,S003,Sunglasses 622,Fashion and Accessories,Sunglasses,4,81992.21,327968.84,47052.17,Debit Card,C0087,29,Male,"100,000+",Chennai,Yes,Low
T0077,2024-05-05,22:16:16,S005,Jewelry 168,Fashion and Accessories,Jewelry,4,11848.31,47393.24,10256.3,Cash,C0027,48,Female,"75,000-99,999",Delhi,No,Medium
T0069,2024-01-13,12:44:17,S003,Gloves 806,Fashion and Accessories,Gloves,2,33682.85,67365.7,5703.01,Debit Card,C0097,59,Male,"25,000-49,999",Delhi,No,Low
T0041,2024-04-05,21:57:51,S004,Home Assistants 977,Electronics,Home Assistants,2,85150.91,170301.82,2341.28,Mobile Payment,C0097,23,Female,"50,000-74,999",Chennai,No,High
T0088,2024-01-27,00:09:26,S004,Protein Powders 521,Health and Wellness,Protein Powders,1,94305.78,94305.78,1001.07,Credit Card,C0046,34,Female,"25,000-49,999",Chennai,No,Medium
T002,2024-04-09,10:03:57,S002,Fitness Trackers 211,Sports and Outdoors,Fitness Trackers,1,33270.93,33270.93,1535.18,Credit Card,C0044,76,Male,"75,000-99,999",Bangalore,No,High
T0071,2024-03-14,05:45:11,S002,Hiking Boots 615,Sports and Outdoors,Hiking Boots,2,96905.03,193810.06,14436.11,Debit Card,C0058,48,Female,"50,000-74,999",Mumbai,No,Low
T0027,2024-05-25,03:13:46,S002,Water Bottles 230,Sports and Outdoors,Water Bottles,4,73185.84,292743.36,47712.61,Mobile Payment,C0021,43,Male,"75,000-99,999",Hyderabad,Yes,Low
T0060,2024-03-04,15:43:33,S003,Sports Apparel 606,Sports and Outdoors,Sports Apparel,5,22040.55,110202.75,8270.53,Credit Card,C0059,50,Female,"100,000+",Hyderabad,Yes,Medium
T0030,2024-02-23,20:18:21,S003,Bluetooth Speakers 933,Electronics,Bluetooth Speakers,5,10692.35,53461.75,12453.24,Mobile Payment,C0032,27,Female,"50,000-74,999",Hyderabad,No,High
T0043,2024-03-07,20:09:23,S005,Water Bottles 158,Sports and Outdoors,Water Bottles,5,12491.24,62456.2,4407.67,Debit Card,C0018,57,Female,"75,000-99,999",Bangalore,No,Medium
T0034,2024-02-17,08:18:26,S005,Vacuum Cleaners 945,Home Appliances,Vacuum Cleaners,4,70656.21,282624.84,38185.53,Credit Card,C0035,47,Male,"<25,000",Mumbai,Yes,Low
T0013,2024-07-06,15:26:16,S002,Yoga Accessories 895,Health and Wellness,Yoga Accessories,4,44870.55,179482.2,16675.95,Mobile Payment,C002,57,Male,"100,000+",Mumbai,No,High
T0090,2024-03-22,21:10:14,S001,Health Monitors 470,Health and Wellness,Health Monitors,4,90644.79,362579.16,43176.47,Cash,C0045,23,Female,"75,000-99,999",Hyderabad,No,Low
T002,2024-02-12,04:52:35,S002,Vinyl Records 642,Books and Media,Vinyl Records,4,48107.08,192428.32,26454.86,Credit Card,C0022,22,Male,"<25,000",Mumbai,No,Medium
T004,2024-05-05,21:12:54,S004,Shoes 812,Fashion and Accessories,Shoes,4,87823.27,351293.08,88305.6,Credit Card,C0097,45,Male,"50,000-74,999",Hyderabad,No,Medium
T0013,2024-02-17,05:22:05,S004,Sports Apparel 624,Sports and Outdoors,Sports Apparel,3,90127.28,270381.84,65018.85,Debit Card,C0063,54,Male,"50,000-74,999",Mumbai,Yes,Medium
T0070,2024-02-06,21:54:53,S005,Hiking Boots 891,Sports and Outdoors,Hiking Boots,2,1264.25,2528.5,28.65,Credit Card,C0030,55,Female,"75,000-99,999",Delhi,Yes,High
T0075,2024-02-13,13:01:04,S003,Gaming Consoles 497,Electronics,Gaming Consoles,3,12324.21,36972.63,1285.08,Mobile Payment,C0075,36,Female,"50,000-74,999",Mumbai,No,Low
T0059,2024-04-08,01:17:13,S002,Skincare Products 815,Health and Wellness,Skincare Products,5,89320.69,446603.45,118879.1,Cash,C0075,71,Female,"50,000-74,999",Delhi,No,High
T0054,2024-06-15,18:34:52,S003,Headphones 363,Electronics,Headphones,5,24314.12,121570.6,32973.25,Mobile Payment,C0077,71,Male,"25,000-49,999",Mumbai,Yes,Low
T0097,2024-05-05,00:58:30,S003,Washing Machines 505,Home Appliances,Washing Machines,3,3940.59,11821.77,500.14,Cash,C0095,23,Male,"100,000+",Mumbai,Yes,Low
T0034,2024-07-10,02:11:16,S004,Watches 722,Fashion and Accessories,Watches,1,7539.51,7539.51,651.9,Debit Card,C0070,33,Male,"25,000-49,999",Delhi,No,Medium
T0062,2024-01-25,14:34:32,S001,Yoga Accessories 291,Health and Wellness,Yoga Accessories,1,2419.43,2419.43,662.5,Debit Card,C0049,31,Female,"25,000-49,999",Mumbai,No,Low
T0016,2024-01-07,02:40:36,S004,Belts 852,Fashion and Accessories,Belts,2,54385.72,108771.44,26282.8,Credit Card,C0063,57,Female,"25,000-49,999",Mumbai,No,Low
T0061,2024-02-28,23:57:40,S001,Massage Devices 492,Health and Wellness,Massage Devices,1,87363.35,87363.35,2158.95,Mobile Payment,C0091,27,Male,"100,000+",Chennai,No,Medium
T0055,2024-03-19,03:16:01,S003,Camping Gear 751,Sports and Outdoors,Camping Gear,2,40579.61,81159.22,13064.2,Mobile Payment,C0083,50,Male,"<25,000",Bangalore,Yes,Medium
T0022,2024-04-10,11:15:18,S005,Refrigerators 477,Home Appliances,Refrigerators,2,34387.13,68774.26,12492.49,Credit Card,C0022,26,Male,"75,000-99,999",Chennai,No,Low
T0050,2024-05-13,22:03:48,S002,DVDs 638,Books and Media,DVDs,2,74191.52,148383.04,20534.41,Mobile Payment,C0098,40,Male,"100,000+",Mumbai,No,High
T0040,2024-07-14,23:36:15,S001,Massage Devices 350,Health and Wellness,Massage Devices,2,63130.03,126260.06,33599.45,Cash,C0039,55,Male,"75,000-99,999",Mumbai,No,Medium
T009,2024-02-13,21:05:51,S004,Massage Devices 680,Health and Wellness,Massage Devices,1,71282.13,71282.13,16794.31,Mobile Payment,C0033,63,Female,"75,000-99,999",Delhi,No,Medium
T003,2024-03-23,04:16:09,S004,Health Monitors 402,Health and Wellness,Health Monitors,3,70982.24,212946.72,6648.57,Mobile Payment,C0010,65,Female,"50,000-74,999",Bangalore,No,High
T0064,2024-06-02,18:05:54,S004,Fiction Books 140,Books and Media,Fiction Books,3,63723.3,191169.9,3974.85,Mobile Payment,C0087,75,Male,"25,000-49,999",Hyderabad,Yes,High
T0014,2024-03-02,12:09:05,S002,Health Monitors 801,Health and Wellness,Health Monitors,1,35324.16,35324.16,3716.89,Cash,C0030,27,Male,"75,000-99,999",Bangalore,Yes,High
T009,2024-05-01,17:49:03,S004,DVDs 980,Books and Media,DVDs,2,41565.42,83130.84,11643.87,Mobile Payment,C0065,81,Male,"100,000+",Hyderabad,Yes,Medium
T0054,2024-01-16,23:42:07,S004,Laptops 161,Electronics,Laptops,3,51877.74,155633.22,7547.08,Cash,C0026,32,Male,"100,000+",Delhi,Yes,High
T0061,2024-01-09,18:56:00,S005,Treadmills 546,Sports and Outdoors,Treadmills,2,96838.67,193677.34,32682.99,Debit Card,C0011,47,Female,"<25,000",Bangalore,Yes,Medium
T0076,2024-04-19,23:04:49,S005,Bluetooth Speakers 507,Electronics,Bluetooth Speakers,2,59662.37,119324.74,11967.2,Mobile Payment,C0043,34,Female,"50,000-74,999",Chennai,No,High
T0082,2024-02-25,10:19:12,S002,Vacuum Cleaners 576,Home Appliances,Vacuum Cleaners,2,46540.52,93081.04,19070.07,Mobile Payment,C0041,63,Female,"<25,000",Bangalore,No,Medium
T0034,2024-07-05,14:16:28,S005,Essential Oils 623,Health and Wellness,Essential Oils,2,82798.63,165597.26,41381.28,Debit Card,C007,35,Female,"25,000-49,999",Hyderabad,No,Medium
T0035,2024-03-31,00:07:17,S002,Headphones 615,Electronics,Headphones,5,79177.38,395886.9,11474.64,Mobile Payment,C0039,46,Female,"100,000+",Delhi,No,High
T0056,2024-06-01,08:38:05,S002,Sunglasses 537,Fashion and Accessories,Sunglasses,3,34007.58,102022.74,20301.2,Cash,C004,65,Female,"<25,000",Chennai,Yes,Medium
T0074,2024-02-10,12:39:33,S002,Hats 928,Fashion and Accessories,Hats,5,98911.73,494558.65,1845.29,Debit Card,C0050,51,Male,"25,000-49,999",Bangalore,No,High
T0044,2024-02-14,10:11:43,S003,Magazines 269,Books and Media,Magazines,2,1486.59,2973.18,146.82,Credit Card,C0028,46,Male,"25,000-49,999",Mumbai,Yes,Medium
T003,2024-01-13,18:40:23,S005,Gaming Consoles 342,Electronics,Gaming Consoles,5,88177.92,440889.6,4693.22,Cash,C0050,62,Female,"100,000+",Mumbai,Yes,Low
T0013,2024-01-16,17:50:59,S004,Supplements 555,Health and Wellness,Supplements,2,28890.56,57781.12,6778.98,Debit Card,C0031,55,Female,"<25,000",Hyderabad,Yes,Medium
T0037,2024-05-16,07:40:56,S005,Laptops 942,Electronics,Laptops,3,96715.66,290146.98,55731.93,Mobile Payment,C001,43,Female,"50,000-74,999",Bangalore,No,Low
T0081,2024-05-23,06:02:46,S002,Health Monitors 392,Health and Wellness,Health Monitors,1,40993.66,40993.66,3577.37,Cash,C0060,81,Male,"100,000+",Bangalore,Yes,Low
T004,2024-06-29,21:25:21,S001,Blenders 881,Home Appliances,Blenders,1,11809.73,11809.73,843.89,Cash,C0087,44,Male,"25,000-49,999",Delhi,No,Low
T0075,2024-05-13,21:31:52,S002,Skincare Products 782,Health and Wellness,Skincare Products,4,82106.39,328425.56,23797.92,Mobile Payment,C001,26,Female,"50,000-74,999",Bangalore,Yes,High
T0012,2024-03-04,16:39:11,S003,Headphones 846,Electronics,Headphones,4,2326.98,9307.92,337.04,Credit Card,C0094,45,Female,"25,000-49,999",Mumbai,No,Medium
T0099,2024-01-17,13:06:49,S002,Dishwashers 915,Home Appliances,Dishwashers,5,33312.69,166563.45,22013.76,Credit Card,C0038,62,Male,"50,000-74,999",Bangalore,Yes,High
T0052,2024-01-26,00:46:05,S004,Smartphones 209,Electronics,Smartphones,3,1084.57,3253.71,497.42,Mobile Payment,C0019,25,Male,"100,000+",Hyderabad,No,Low
T0089,2024-03-24,07:40:32,S004,Haircare Products 666,Health and Wellness,Haircare Products,1,94253.21,94253.21,11280.78,Credit Card,C0025,82,Male,"50,000-74,999",Bangalore,Yes,Low
T0015,2024-01-04,20:19:47,S001,Vacuum Cleaners 350,Home Appliances,Vacuum Cleaners,3,45604.65,136813.95,1076.81,Credit Card,C0089,68,Male,"50,000-74,999",Delhi,Yes,Low
T0039,2024-06-05,15:10:43,S004,Handbags 176,Fashion and Accessories,Handbags,2,45927.34,91854.68,22623.98,Debit Card,C0041,65,Male,"50,000-74,999",Chennai,Yes,Low
T0042,2024-03-26,04:41:28,S004,Laptops 703,Electronics,Laptops,1,48392.44,48392.44,8630.16,Debit Card,C0077,61,Female,"25,000-49,999",Hyderabad,No,High
T0074,2024-03-27,19:37:27,S004,Digital Cameras 707,Electronics,Digital Cameras,3,13213.04,39639.12,9844.92,Debit Card,C0014,27,Female,"25,000-49,999",Delhi,Yes,High
T0069,2024-03-07,04:19:11,S001,Belts 456,Fashion and Accessories,Belts,1,28295.37,28295.37,2851.89,Cash,C0032,24,Male,"25,000-49,999",Hyderabad,Yes,High
T003,2024-04-02,17:32:32,S001,Gaming Consoles 821,Electronics,Gaming Consoles,5,32603.02,163015.1,36117.17,Cash,C0019,70,Female,"<25,000",Bangalore,Yes,Medium
T0089,2024-04-14,17:47:13,S005,Vinyl Records 555,Books and Media,Vinyl Records,3,76339.84,229019.52,52631.7,Mobile Payment,C0099,29,Female,"25,000-49,999",Chennai,No,Low
T0029,2024-07-10,00:28:39,S004,Supplements 986,Health and Wellness,Supplements,2,77712.13,155424.26,13775.75,Mobile Payment,C0069,80,Female,"50,000-74,999",Delhi,Yes,High
T0090,2024-06-19,00:30:09,S005,Hiking Boots 586,Sports and Outdoors,Hiking Boots,5,62191.97,310959.85,84478.16,Credit Card,C0038,23,Male,"<25,000",Hyderabad,No,High
T0034,2024-02-20,11:33:26,S005,Comic Books 449,Books and Media,Comic Books,4,4639.77,18559.08,1570.74,Cash,C007,30,Male,"50,000-74,999",Mumbai,Yes,High
T0084,2024-06-19,05:16:32,S005,Protein Powders 240,Health and Wellness,Protein Powders,1,68546.67,68546.67,19852.2,Cash,C0016,49,Male,"100,000+",Bangalore,Yes,Low
T0038,2024-05-31,17:39:24,S004,Gaming Consoles 835,Electronics,Gaming Consoles,2,44628.44,89256.88,2246.42,Mobile Payment,C0050,71,Female,"50,000-74,999",Delhi,No,Medium
T0094,2024-06-22,21:46:25,S003,Blenders 418,Home Appliances,Blenders,1,32894.22,32894.22,3724.53,Cash,C0074,32,Male,"25,000-49,999",Bangalore,No,High
T0093,2024-06-20,14:23:44,S005,Handbags 537,Fashion and Accessories,Handbags,3,23021.03,69063.09,11344.81,Credit Card,C0059,56,Female,"100,000+",Delhi,Yes,High
T0072,2024-06-26,01:58:59,S003,DVDs 883,Books and Media,DVDs,2,96549.95,193099.9,43288.1,Debit Card,C0069,36,Female,"50,000-74,999",Hyderabad,No,High
T0078,2024-06-17,15:44:41,S005,Running Shoes 930,Sports and Outdoors,Running Shoes,4,68593.04,274372.16,5842.8,Debit Card,C0071,65,Male,"<25,000",Delhi,Yes,Low
T0027,2024-07-02,13:16:33,S001,Essential Oils 216,Health and Wellness,Essential Oils,4,6802.31,27209.24,2234.84,Credit Card,C0052,50,Male,"50,000-74,999",Bangalore,Yes,High
T0059,2024-01-08,07:13:28,S003,Water Bottles 404,Sports and Outdoors,Water Bottles,5,96178.85,480894.25,26845.43,Mobile Payment,C0080,58,Male,"<25,000",Chennai,No,Medium
T0087,2024-02-15,07:19:46,S005,Printers 699,Electronics,Printers,1,97904.27,97904.27,505.72,Mobile Payment,C0040,39,Male,"<25,000",Bangalore,Yes,Low
T0083,2024-04-10,15:46:05,S003,Dishwashers 170,Home Appliances,Dishwashers,5,1822.16,9110.8,490.3,Cash,C0071,62,Female,"75,000-99,999",Mumbai,No,Medium
T0061,2024-02-08,10:01:44,S002,Microwave Ovens 861,Home Appliances,Microwave Ovens,3,51569.22,154707.66,6442.58,Mobile Payment,C0075,35,Male,"100,000+",Hyderabad,No,Medium
T003,2024-04-25,23:12:16,S001,Dumbbells 471,Sports and Outdoors,Dumbbells,1,98927.35,98927.35,25390.82,Debit Card,C0050,32,Female,"100,000+",Delhi,No,Medium
T0088,2024-01-11,03:54:18,S003,Dumbbells 758,Sports and Outdoors,Dumbbells,5,72532.33,362661.65,32024.6,Cash,C0095,57,Male,"50,000-74,999",Hyderabad,No,Low
T0044,2024-04-18,01:03:30,S001,Electric Kettles 956,Home Appliances,Electric Kettles,4,7533.13,30132.52,80.54,Mobile Payment,C0030,37,Male,"50,000-74,999",Mumbai,Yes,High
T008,2024-02-17,13:32:55,S002,Treadmills 174,Sports and Outdoors,Treadmills,5,58255.91,291279.55,78346.74,Debit Card,C0052,73,Male,"100,000+",Delhi,No,Low
T0099,2024-02-09,02:12:13,S001,Running Shoes 588,Sports and Outdoors,Running Shoes,5,11057.51,55287.55,2741.78,Cash,C0068,67,Male,"100,000+",Mumbai,No,Low
T0010,2024-03-17,08:14:16,S002,Jackets 630,Fashion and Accessories,Jackets,4,8721.7,34886.8,3868.23,Debit Card,C0047,32,Female,"75,000-99,999",Hyderabad,No,Low
T00100,2024-06-24,01:14:00,S005,Skincare Products 664,Health and Wellness,Skincare Products,1,39686.13,39686.13,367.5,Mobile Payment,C0026,27,Female,"100,000+",Bangalore,Yes,Medium
T0013,2024-01-03,07:24:17,S005,Printers 327,Electronics,Printers,2,64539.47,129078.94,11042.4,Cash,C0081,69,Female,"75,000-99,999",Mumbai,Yes,High
T0048,2024-03-27,17:28:43,S002,CDs 815,Books and Media,CDs,1,37394.57,37394.57,1073.06,Debit Card,C0057,74,Female,"25,000-49,999",Delhi,Yes,Medium
T0097,2024-04-17,16:08:27,S005,Fitness Trackers 397,Sports and Outdoors,Fitness Trackers,5,52986.55,264932.75,17763.97,Cash,C0019,60,Female,"75,000-99,999",Bangalore,No,Low
T004,2024-06-06,18:06:17,S003,Printers 185,Electronics,Printers,2,8565.68,17131.36,2969.43,Mobile Payment,C0083,26,Male,"<25,000",Mumbai,No,Low
T0075,2024-02-25,05:42:36,S002,Digital Cameras 350,Electronics,Digital Cameras,3,2749.66,8248.98,1356.42,Credit Card,C0011,26,Male,"<25,000",Delhi,No,Low
T0014,2024-04-04,20:55:02,S005,Laptops 830,Electronics,Laptops,1,30032.86,30032.86,7555.95,Credit Card,C0088,33,Male,"<25,000",Chennai,No,High
T0017,2024-02-02,03:07:40,S003,Laptops 336,Electronics,Laptops,3,90989.95,272969.85,62645.13,Credit Card,C0052,35,Female,"<25,000",Chennai,No,High
T0024,2024-07-07,00:40:48,S001,Yoga Mats 200,Sports and Outdoors,Yoga Mats,3,44263.09,132789.27,18569.9,Cash,C0035,84,Female,"75,000-99,999",Mumbai,No,High
T0019,2024-07-10,08:04:34,S001,Microwave Ovens 992,Home Appliances,Microwave Ovens,3,78740.71,236222.13,66349.5,Credit Card,C0023,28,Female,"75,000-99,999",Chennai,No,Medium
T0039,2024-03-15,13:49:20,S002,Vitamins 432,Health and Wellness,Vitamins,3,49592.19,148776.57,36902.34,Debit Card,C0087,32,Female,"25,000-49,999",Delhi,Yes,Medium
T0053,2024-02-19,21:09:56,S001,Microwave Ovens 113,Home Appliances,Microwave Ovens,4,67715.28,270861.12,60834.43,Debit Card,C0097,65,Female,"100,000+",Mumbai,No,Medium
T0045,2024-04-26,23:00:57,S002,Vinyl Records 860,Books and Media,Vinyl Records,2,59624.41,119248.82,14581.68,Cash,C001,66,Female,"100,000+",Hyderabad,Yes,High
T0058,2024-04-20,10:56:28,S001,Belts 254,Fashion and Accessories,Belts,1,70845.13,70845.13,8497.7,Credit Card,C0078,25,Female,"50,000-74,999",Bangalore,No,Low
T0083,2024-01-04,00:40:22,S001,Camping Gear 528,Sports and Outdoors,Camping Gear,1,76926.41,76926.41,17747.41,Mobile Payment,C0020,37,Female,"50,000-74,999",Mumbai,Yes,High
T0046,2024-07-18,19:07:38,S003,Dishwashers 641,Home Appliances,Dishwashers,2,97755.41,195510.82,33884.12,Credit Card,C0077,77,Female,"25,000-49,999",Bangalore,Yes,High
T0076,2024-06-12,22:14:35,S002,Refrigerators 381,Home Appliances,Refrigerators,5,76247.81,381239.05,88383.44,Mobile Payment,C0040,81,Female,"100,000+",Mumbai,Yes,Medium
T0021,2024-05-01,20:55:54,S002,Microwave Ovens 791,Home Appliances,Microwave Ovens,5,19144.67,95723.35,17660.95,Cash,C0029,82,Male,"50,000-74,999",Mumbai,Yes,Medium
T0090,2024-06-03,09:19:03,S002,Microwave Ovens 897,Home Appliances,Microwave Ovens,2,1676.73,3353.46,148.55,Debit Card,C0040,41,Female,"<25,000",Mumbai,Yes,High
T005,2024-02-24,04:23:06,S005,Skincare Products 865,Health and Wellness,Skincare Products,4,49420.76,197683.04,10532.43,Credit Card,C0077,23,Female,"75,000-99,999",Chennai,No,Low
T0062,2024-02-26,16:07:08,S004,Gloves 371,Fashion and Accessories,Gloves,3,23832.64,71497.92,20820.92,Credit Card,C0061,73,Male,"50,000-74,999",Hyderabad,No,Low
T0021,2024-02-01,05:51:56,S004,Laptops 264,Electronics,Laptops,3,89064.72,267194.16,58710.38,Credit Card,C0059,82,Female,"100,000+",Chennai,No,Low
T0060,2024-04-02,18:30:05,S005,Air Purifiers 271,Home Appliances,Air Purifiers,4,8014.18,32056.72,1221.01,Mobile Payment,C0098,21,Male,"50,000-74,999",Chennai,Yes,Low
T0038,2024-04-02,20:14:56,S002,Washing Machines 238,Home Appliances,Washing Machines,1,42382.29,42382.29,4511.0,Cash,C0080,80,Male,"75,000-99,999",Bangalore,No,Low
T0064,2024-02-16,18:18:12,S005,Vacuum Cleaners 319,Home Appliances,Vacuum Cleaners,3,28581.71,85745.13,5157.96,Credit Card,C0082,84,Male,"100,000+",Hyderabad,No,Medium
T0014,2024-07-15,00:14:39,S005,Fiction Books 896,Books and Media,Fiction Books,1,90074.75,90074.75,23335.62,Credit Card,C0095,40,Male,"<25,000",Delhi,Yes,Medium
T0026,2024-01-11,16:45:55,S004,Comic Books 722,Books and Media,Comic Books,4,33009.8,132039.2,34335.13,Credit Card,C0021,79,Female,"75,000-99,999",Bangalore,Yes,Medium
T007,2024-02-09,23:11:15,S002,Gloves 420,Fashion and Accessories,Gloves,5,17185.92,85929.6,2098.5,Mobile Payment,C0078,79,Female,"<25,000",Delhi,Yes,Medium
T0035,2024-07-06,02:51:16,S005,Blenders 751,Home Appliances,Blenders,1,54456.75,54456.75,2808.85,Mobile Payment,C0076,73,Female,"25,000-49,999",Mumbai,Yes,High
T0012,2024-06-03,11:21:29,S005,Blenders 713,Home Appliances,Blenders,1,77456.63,77456.63,4303.36,Cash,C0067,34,Male,"75,000-99,999",Bangalore,Yes,High
T0027,2024-05-23,13:27:04,S004,Supplements 815,Health and Wellness,Supplements,5,22898.82,114494.1,34216.64,Cash,C0057,74,Female,"25,000-49,999",Chennai,No,Medium
T0017,2024-07-05,17:11:46,S004,Camping Gear 474,Sports and Outdoors,Camping Gear,3,7220.06,21660.18,5892.68,Mobile Payment,C0050,70,Female,"75,000-99,999",Delhi,Yes,Medium
T0093,2024-06-12,15:52:13,S004,Headphones 614,Electronics,Headphones,2,86223.67,172447.34,9120.83,Cash,C0097,84,Female,"75,000-99,999",Hyderabad,No,High
T0066,2024-07-15,06:06:41,S002,Massage Devices 111,Health and Wellness,Massage Devices,5,2817.92,14089.6,994.28,Mobile Payment,C0067,28,Male,"<25,000",Mumbai,No,High
T0082,2024-05-02,16:14:16,S001,Bicycles 933,Sports and Outdoors,Bicycles,3,60109.6,180328.8,38977.53,Mobile Payment,C0038,34,Male,"25,000-49,999",Chennai,No,Medium
T0037,2024-01-05,12:28:20,S003,Wearable Devices 967,Electronics,Wearable Devices,5,2911.89,14559.45,1639.53,Credit Card,C0014,81,Male,"75,000-99,999",Delhi,No,High
T0082,2024-06-08,20:50:48,S004,Water Heaters 233,Home Appliances,Water Heaters,4,98065.67,392262.68,2287.13,Debit Card,C0037,62,Male,"50,000-74,999",Bangalore,No,Medium
T0080,2024-06-29,19:27:25,S002,Yoga Accessories 914,Health and Wellness,Yoga Accessories,5,12810.58,64052.9,14149.95,Mobile Payment,C0027,80,Male,"25,000-49,999",Delhi,No,Low
T0082,2024-03-18,10:26:23,S001,Watches 842,Fashion and Accessories,Watches,1,35916.97,35916.97,9423.79,Mobile Payment,C0029,59,Female,"100,000+",Hyderabad,Yes,Low
T0069,2024-01-23,12:40:23,S002,Magazines 785,Books and Media,Magazines,3,92804.68,278414.04,18457.54,Mobile Payment,C0094,67,Female,"100,000+",Bangalore,Yes,High
T0042,2024-03-06,04:22:51,S002,Dumbbells 833,Sports and Outdoors,Dumbbells,2,85938.97,171877.94,27912.06,Credit Card,C0091,41,Male,"75,000-99,999",Hyderabad,Yes,Medium
T009,2024-06-04,18:06:27,S001,Headphones 826,Electronics,Headphones,5,85353.97,426769.85,112130.01,Cash,C0018,51,Male,"100,000+",Bangalore,No,High
T0040,2024-03-07,01:57:58,S003,Gaming Consoles 907,Electronics,Gaming Consoles,1,50307.17,50307.17,1171.7,Credit Card,C0018,68,Male,"<25,000",Mumbai,No,Medium
T0072,2024-07-06,00:37:41,S001,Wearable Devices 593,Electronics,Wearable Devices,1,42631.57,42631.57,8911.07,Debit Card,C0074,75,Female,"100,000+",Chennai,Yes,Medium
T0048,2024-05-02,22:48:03,S001,Non-Fiction Books 814,Books and Media,Non-Fiction Books,5,69385.61,346928.05,80592.06,Debit Card,C0076,30,Male,"25,000-49,999",Mumbai,No,High
T0080,2024-07-08,09:11:26,S005,Health Monitors 772,Health and Wellness,Health Monitors,5,57449.16,287245.8,39349.14,Cash,C0021,75,Female,"25,000-49,999",Delhi,Yes,Low
T0059,2024-01-11,18:52:15,S005,Fitness Trackers 663,Sports and Outdoors,Fitness Trackers,4,61116.0,244464.0,26844.01,Debit Card,C0035,59,Female,"25,000-49,999",Hyderabad,Yes,Medium
T0098,2024-06-08,11:31:54,S003,Wearable Devices 367,Electronics,Wearable Devices,2,59858.61,119717.22,1765.18,Debit Card,C0012,45,Male,"100,000+",Delhi,Yes,High
T0028,2024-01-21,05:22:39,S003,Vitamins 825,Health and Wellness,Vitamins,2,20888.89,41777.78,9010.98,Credit Card,C0054,80,Female,"75,000-99,999",Delhi,No,Medium
T007,2024-02-05,19:57:11,S001,Gaming Consoles 658,Electronics,Gaming Consoles,4,7622.04,30488.16,6895.14,Mobile Payment,C0065,79,Male,"75,000-99,999",Bangalore,No,Low
T0094,2024-04-03,12:05:19,S003,Graphic Novels 380,Books and Media,Graphic Novels,5,55514.26,277571.3,59381.14,Mobile Payment,C0030,31,Male,"<25,000",Chennai,Yes,Low
T0081,2024-02-17,04:46:37,S001,Gaming Consoles 431,Electronics,Gaming Consoles,1,17425.48,17425.48,78.99,Credit Card,C0071,53,Male,"75,000-99,999",Chennai,No,High
T0041,2024-04-20,08:28:42,S001,Air Purifiers 659,Home Appliances,Air Purifiers,4,44353.38,177413.52,31925.65,Credit Card,C0041,35,Male,"25,000-49,999",Hyderabad,Yes,High
T006,2024-05-01,12:13:18,S005,Watches 686,Fashion and Accessories,Watches,4,71167.26,284669.04,83644.85,Cash,C0063,79,Female,"<25,000",Mumbai,No,Medium
T0020,2024-06-28,02:01:08,S003,Blenders 966,Home Appliances,Blenders,2,84386.76,168773.52,13178.93,Cash,C001,74,Female,"25,000-49,999",Chennai,Yes,High
T004,2024-02-25,17:09:27,S005,Bluetooth Speakers 365,Electronics,Bluetooth Speakers,3,18672.3,56016.9,2594.18,Debit Card,C0050,49,Female,"25,000-49,999",Hyderabad,Yes,Medium
T0038,2024-02-08,06:24:42,S001,Massage Devices 469,Health and Wellness,Massage Devices,5,66980.65,334903.25,52365.09,Cash,C0070,44,Female,"<25,000",Mumbai,Yes,Medium
T00100,2024-02-08,23:08:30,S003,Hiking Boots 192,Sports and Outdoors,Hiking Boots,4,24641.79,98567.16,4449.13,Cash,C0024,73,Female,"25,000-49,999",Bangalore,No,Medium
T0052,2024-06-18,22:01:06,S001,Hiking Boots 415,Sports and Outdoors,Hiking Boots,2,50309.89,100619.78,21467.14,Debit Card,C005,50,Male,"100,000+",Chennai,Yes,High
T0056,2024-07-11,10:14:52,S003,Water Heaters 506,Home Appliances,Water Heaters,5,15164.78,75823.9,9426.92,Debit Card,C0040,81,Female,"100,000+",Mumbai,Yes,Low
T0012,2024-03-14,10:24:03,S002,Blenders 608,Home Appliances,Blenders,1,82759.99,82759.99,16033.15,Debit Card,C0081,58,Female,"25,000-49,999",Mumbai,Yes,High
T0043,2024-05-30,09:33:57,S005,Hiking Boots 892,Sports and Outdoors,Hiking Boots,1,10118.75,10118.75,1240.2,Mobile Payment,C0056,61,Male,"75,000-99,999",Mumbai,No,Medium
T0046,2024-03-17,10:59:05,S001,Non-Fiction Books 592,Books and Media,Non-Fiction Books,5,38399.76,191998.8,47880.88,Cash,C0013,75,Male,"25,000-49,999",Mumbai,Yes,Low
T0024,2024-05-01,02:09:11,S005,Shoes 966,Fashion and Accessories,Shoes,1,64666.95,64666.95,7062.21,Mobile Payment,C0014,74,Female,"100,000+",Chennai,Yes,Low
T009,2024-02-09,04:47:16,S003,Printers 548,Electronics,Printers,3,93469.16,280407.48,2282.72,Credit Card,C0084,52,Female,"75,000-99,999",Mumbai,No,High
T0043,2024-05-25,19:40:01,S002,Treadmills 119,Sports and Outdoors,Treadmills,5,1605.92,8029.6,108.94,Cash,C0031,64,Male,"<25,000",Chennai,Yes,Medium
T009,2024-05-20,07:19:57,S005,Fitness Trackers 746,Sports and Outdoors,Fitness Trackers,3,20631.06,61893.18,78.84,Cash,C0064,56,Female,"<25,000",Hyderabad,Yes,High
T0044,2024-07-05,15:37:05,S002,Belts 830,Fashion and Accessories,Belts,3,28244.71,84734.13,15568.16,Credit Card,C0045,76,Female,"75,000-99,999",Delhi,Yes,Low
T0079,2024-02-07,17:39:17,S004,Water Bottles 964,Sports and Outdoors,Water Bottles,1,80506.59,80506.59,9124.75,Mobile Payment,C0012,62,Female,"<25,000",Mumbai,No,Medium
T0048,2024-03-09,05:05:55,S004,Smartphones 253,Electronics,Smartphones,2,83878.6,167757.2,41931.35,Credit Card,C0056,72,Male,"50,000-74,999",Hyderabad,No,Medium
T0046,2024-05-11,10:35:46,S002,Home Assistants 779,Electronics,Home Assistants,4,82686.69,330746.76,71242.18,Cash,C0049,24,Male,"<25,000",Hyderabad,Yes,High
T0012,2024-02-20,20:21:38,S005,Treadmills 571,Sports and Outdoors,Treadmills,1,39078.19,39078.19,2887.14,Debit Card,C0065,72,Male,"25,000-49,999",Bangalore,No,High
T0020,2024-05-01,09:20:20,S002,Vinyl Records 675,Books and Media,Vinyl Records,2,47498.04,94996.08,15132.44,Debit Card,C0086,78,Male,"100,000+",Mumbai,No,Medium
T0064,2024-01-10,01:12:27,S004,Hats 800,Fashion and Accessories,Hats,4,4141.84,16567.36,956.97,Credit Card,C0084,31,Female,"25,000-49,999",Hyderabad,No,Low
T0099,2024-01-23,19:34:49,S001,Jewelry 775,Fashion and Accessories,Jewelry,5,57762.73,288813.65,34523.32,Credit Card,C0062,43,Male,"50,000-74,999",Mumbai,Yes,High
T0061,2024-07-13,14:54:02,S003,Protein Powders 115,Health and Wellness,Protein Powders,4,88817.57,355270.28,50312.13,Debit Card,C0087,74,Female,"<25,000",Bangalore,No,Medium
T0048,2024-03-05,05:28:13,S005,Electric Kettles 558,Home Appliances,Electric Kettles,1,43006.02,43006.02,9298.25,Credit Card,C0033,48,Male,"100,000+",Hyderabad,No,Medium
T0046,2024-05-06,02:41:26,S001,Air Purifiers 865,Home Appliances,Air Purifiers,3,50074.58,150223.74,4885.45,Mobile Payment,C0012,63,Male,"25,000-49,999",Mumbai,Yes,Low
T0041,2024-04-11,23:51:29,S001,Treadmills 917,Sports and Outdoors,Treadmills,3,34207.96,102623.88,8463.1,Cash,C0013,78,Female,"100,000+",Hyderabad,No,Medium
T0092,2024-05-12,17:12:29,S005,Health Monitors 265,Health and Wellness,Health Monitors,5,35803.66,179018.3,8709.48,Cash,C0095,81,Male,"<25,000",Mumbai,Yes,Low
T0088,2024-05-08,00:56:36,S002,Handbags 672,Fashion and Accessories,Handbags,5,66608.07,333040.35,59455.72,Credit Card,C0022,57,Female,"25,000-49,999",Hyderabad,No,Low
T0032,2024-07-14,13:26:40,S004,Water Bottles 772,Sports and Outdoors,Water Bottles,1,30173.75,30173.75,295.98,Debit Card,C0045,41,Female,"50,000-74,999",Hyderabad,No,Medium
T0038,2024-01-03,00:00:21,S005,Dumbbells 595,Sports and Outdoors,Dumbbells,4,42173.0,168692.0,34959.74,Debit Card,C0089,25,Female,"50,000-74,999",Delhi,No,Medium
T002,2024-02-07,07:19:47,S002,Vinyl Records 282,Books and Media,Vinyl Records,3,11185.12,33555.36,3497.11,Credit Card,C0066,29,Male,"<25,000",Mumbai,Yes,Low
T0068,2024-01-29,11:09:40,S003,Bluetooth Speakers 310,Electronics,Bluetooth Speakers,3,92395.43,277186.29,73525.29,Credit Card,C005,82,Male,"75,000-99,999",Delhi,No,High
T0027,2024-03-14,09:09:39,S003,Watches 351,Fashion and Accessories,Watches,2,81532.51,163065.02,46360.95,Mobile Payment,C0066,58,Male,"50,000-74,999",Mumbai,Yes,High
T0076,2024-03-02,21:32:08,S003,Dishwashers 624,Home Appliances,Dishwashers,4,77045.4,308181.6,40854.69,Cash,C008,52,Female,"100,000+",Delhi,No,Low
T0048,2024-06-10,17:29:23,S003,Fitness Trackers 909,Sports and Outdoors,Fitness Trackers,3,11587.37,34762.11,10315.15,Debit Card,C0079,37,Male,"50,000-74,999",Mumbai,Yes,High
T0080,2024-01-02,18:09:27,S004,Electric Kettles 217,Home Appliances,Electric Kettles,4,85554.93,342219.72,30150.69,Debit Card,C0047,42,Female,"50,000-74,999",Hyderabad,No,Low
T0094,2024-06-02,04:29:18,S003,Fitness Equipment 868,Health and Wellness,Fitness Equipment,2,60076.76,120153.52,29459.87,Debit Card,C004,36,Female,"75,000-99,999",Chennai,No,High
T0058,2024-02-28,23:20:19,S002,Watches 324,Fashion and Accessories,Watches,5,8874.4,44372.0,13039.69,Credit Card,C0063,53,Male,"100,000+",Bangalore,Yes,Low
T0055,2024-05-07,14:36:33,S002,Water Bottles 236,Sports and Outdoors,Water Bottles,5,65608.0,328040.0,96893.04,Credit Card,C0068,39,Female,"100,000+",Chennai,No,Medium
T0066,2024-03-02,09:50:14,S001,DVDs 879,Books and Media,DVDs,1,43303.73,43303.73,10406.55,Credit Card,C0045,22,Female,"100,000+",Mumbai,Yes,Medium
T0047,2024-02-01,06:26:34,S004,Massage Devices 830,Health and Wellness,Massage Devices,1,63378.27,63378.27,361.85,Mobile Payment,C0057,22,Female,"100,000+",Hyderabad,Yes,High
T0086,2024-05-07,17:05:40,S003,Vacuum Cleaners 275,Home Appliances,Vacuum Cleaners,2,52415.95,104831.9,8459.44,Mobile Payment,C0055,36,Male,"25,000-49,999",Mumbai,Yes,Low
T0086,2024-04-18,22:41:16,S004,Sports Apparel 392,Sports and Outdoors,Sports Apparel,5,99542.67,497713.35,51798.53,Mobile Payment,C001,36,Male,"<25,000",Delhi,No,Medium
T001,2024-06-01,13:55:38,S003,Skincare Products 645,Health and Wellness,Skincare Products,5,99269.56,496347.8,77541.61,Mobile Payment,C0071,73,Female,"100,000+",Delhi,No,High
T0049,2024-01-12,00:57:33,S005,Gaming Consoles 110,Electronics,Gaming Consoles,2,83688.92,167377.84,44070.1,Mobile Payment,C0064,69,Female,"75,000-99,999",Chennai,No,Medium
T0092,2024-04-24,20:09:14,S001,Camping Gear 523,Sports and Outdoors,Camping Gear,4,44238.56,176954.24,43392.21,Mobile Payment,C0059,46,Female,"<25,000",Hyderabad,Yes,Low
T0070,2024-01-22,04:38:10,S002,eBooks 500,Books and Media,eBooks,5,32725.1,163625.5,13577.46,Debit Card,C0032,64,Male,"75,000-99,999",Delhi,Yes,High
T0095,2024-07-14,07:48:33,S001,Wearable Devices 453,Electronics,Wearable Devices,1,59185.78,59185.78,8594.28,Cash,C0018,36,Male,"<25,000",Hyderabad,No,Medium
T0012,2024-02-09,13:40:00,S005,CDs 464,Books and Media,CDs,1,62222.19,62222.19,801.44,Credit Card,C0018,33,Female,"25,000-49,999",Chennai,No,Medium
T0035,2024-02-09,05:36:38,S002,Sunglasses 274,Fashion and Accessories,Sunglasses,5,61743.43,308717.15,77205.69,Credit Card,C0054,28,Male,"50,000-74,999",Chennai,No,Low
T0076,2024-01-08,20:00:26,S005,Scarves 854,Fashion and Accessories,Scarves,5,7324.46,36622.3,8963.02,Credit Card,C0050,34,Male,"50,000-74,999",Chennai,No,High
T0043,2024-01-24,07:26:19,S004,Water Heaters 401,Home Appliances,Water Heaters,1,79805.25,79805.25,1303.93,Debit Card,C004,80,Male,"50,000-74,999",Mumbai,No,High
T0014,2024-02-09,20:32:38,S001,Coffee Makers 374,Home Appliances,Coffee Makers,5,71271.22,356356.1,95635.16,Mobile Payment,C006,74,Male,"100,000+",Bangalore,Yes,Medium
T0053,2024-05-24,16:47:23,S004,Massage Devices 341,Health and Wellness,Massage Devices,1,83685.2,83685.2,20698.98,Mobile Payment,C0082,60,Female,"25,000-49,999",Chennai,Yes,High
T0089,2024-06-26,05:43:34,S001,Hiking Boots 126,Sports and Outdoors,Hiking Boots,5,98631.65,493158.25,10161.47,Mobile Payment,C009,77,Male,"25,000-49,999",Hyderabad,Yes,Medium
T0093,2024-07-18,11:20:12,S003,Comic Books 403,Books and Media,Comic Books,3,48876.76,146630.28,18827.87,Cash,C0027,74,Male,"<25,000",Bangalore,No,Low
T0054,2024-06-23,05:00:07,S005,Sunglasses 385,Fashion and Accessories,Sunglasses,1,25058.61,25058.61,883.11,Cash,C009,39,Male,"100,000+",Mumbai,Yes,Medium
T002,2024-03-13,16:04:10,S001,Audiobooks 643,Books and Media,Audiobooks,5,88007.95,440039.75,125622.9,Credit Card,C0044,77,Male,"100,000+",Bangalore,Yes,High
T0017,2024-04-26,20:23:43,S004,Printers 478,Electronics,Printers,3,77128.59,231385.77,23772.62,Cash,C0063,43,Female,"50,000-74,999",Bangalore,Yes,Low
T0069,2024-05-05,10:17:56,S003,Gloves 580,Fashion and Accessories,Gloves,4,66650.64,266602.56,705.17,Credit Card,C006,25,Male,"25,000-49,999",Chennai,No,High
T0083,2024-04-12,21:54:23,S001,Jewelry 260,Fashion and Accessories,Jewelry,5,74208.36,371041.8,21568.83,Mobile Payment,C0078,72,Female,"25,000-49,999",Hyderabad,Yes,Low
T0030,2024-01-29,09:54:29,S001,Washing Machines 181,Home Appliances,Washing Machines,2,96558.33,193116.66,1841.36,Credit Card,C0043,64,Female,"50,000-74,999",Bangalore,No,Low
T0013,2024-02-19,23:37:14,S001,Printers 264,Electronics,Printers,2,59873.89,119747.78,4212.26,Mobile Payment,C0025,62,Female,"100,000+",Chennai,No,Low
T0016,2024-03-28,04:04:01,S004,Running Shoes 556,Sports and Outdoors,Running Shoes,4,44689.54,178758.16,11457.67,Credit Card,C0049,66,Male,"100,000+",Chennai,Yes,Medium
T009,2024-01-15,23:31:03,S001,Microwave Ovens 299,Home Appliances,Microwave Ovens,4,26934.16,107736.64,19104.21,Credit Card,C0028,74,Female,"75,000-99,999",Mumbai,Yes,Medium
T0014,2024-05-04,16:11:14,S005,Jackets 648,Fashion and Accessories,Jackets,2,64425.76,128851.52,7781.22,Debit Card,C0090,37,Male,"100,000+",Bangalore,Yes,High
T0037,2024-01-20,01:56:01,S002,Shoes 331,Fashion and Accessories,Shoes,5,12057.6,60288.0,7601.61,Credit Card,C004,52,Female,"50,000-74,999",Chennai,Yes,High
T0034,2024-05-13,23:24:32,S003,Massage Devices 217,Health and Wellness,Massage Devices,4,80601.58,322406.32,28795.03,Debit Card,C0037,84,Male,"<25,000",Chennai,No,Medium
T0045,2024-04-23,13:29:03,S002,Routers 743,Electronics,Routers,3,25114.41,75343.23,10715.01,Credit Card,C0077,78,Female,"<25,000",Chennai,Yes,Medium
T0055,2024-03-22,19:53:06,S002,CDs 716,Books and Media,CDs,1,6650.27,6650.27,1706.48,Credit Card,C0077,59,Male,"25,000-49,999",Chennai,Yes,High
T0031,2024-04-21,15:34:11,S004,Treadmills 744,Sports and Outdoors,Treadmills,1,15515.05,15515.05,354.02,Mobile Payment,C0023,45,Male,"75,000-99,999",Bangalore,Yes,Low
T0097,2024-05-17,00:02:19,S001,Comic Books 252,Books and Media,Comic Books,3,76577.53,229732.59,51631.5,Debit Card,C0083,66,Male,"<25,000",Chennai,Yes,Medium
T0020,2024-01-31,15:08:19,S005,Headphones 237,Electronics,Headphones,3,79597.47,238792.41,39483.09,Credit Card,C0091,30,Male,"75,000-99,999",Chennai,No,Low
T0086,2024-01-04,01:44:53,S002,Audiobooks 607,Books and Media,Audiobooks,3,49418.12,148254.36,29716.28,Mobile Payment,C0080,46,Female,"25,000-49,999",Hyderabad,No,Medium
T0016,2024-02-19,09:36:49,S002,Camping Gear 436,Sports and Outdoors,Camping Gear,5,62016.45,310082.25,58771.11,Debit Card,C0016,74,Male,"75,000-99,999",Mumbai,No,High
T0060,2024-06-08,10:08:08,S002,Supplements 740,Health and Wellness,Supplements,5,40396.11,201980.55,46311.16,Debit Card,C0099,78,Male,"25,000-49,999",Delhi,Yes,Medium
T0091,2024-07-17,00:20:43,S002,Hiking Boots 712,Sports and Outdoors,Hiking Boots,5,96027.81,480139.05,17101.13,Mobile Payment,C0026,31,Female,"25,000-49,999",Bangalore,Yes,Medium
T0028,2024-04-25,20:12:59,S002,Wearable Devices 786,Electronics,Wearable Devices,4,32091.59,128366.36,2161.5,Credit Card,C0044,76,Male,"<25,000",Bangalore,No,Low
T0019,2024-06-27,22:52:13,S004,Handbags 554,Fashion and Accessories,Handbags,5,41837.88,209189.4,56308.16,Mobile Payment,C0077,68,Male,"75,000-99,999",Delhi,No,Low
T0069,2024-03-29,20:54:36,S001,Dishwashers 201,Home Appliances,Dishwashers,1,39157.9,39157.9,10078.41,Debit Card,C006,24,Male,"<25,000",Bangalore,No,Medium
T0040,2024-03-20,15:38:51,S002,Washing Machines 589,Home Appliances,Washing Machines,5,51936.38,259681.9,10799.0,Debit Card,C0061,47,Male,"25,000-49,999",Bangalore,Yes,High
T0055,2024-04-21,11:24:30,S003,Sports Apparel 613,Sports and Outdoors,Sports Apparel,4,69123.3,276493.2,31891.24,Mobile Payment,C0083,64,Female,"25,000-49,999",Delhi,Yes,Medium
T0067,2024-07-02,15:03:07,S004,Protein Powders 750,Health and Wellness,Protein Powders,4,97665.78,390663.12,65875.55,Mobile Payment,C005,78,Male,"75,000-99,999",Mumbai,Yes,Medium
T0075,2024-07-06,20:08:10,S002,Sunglasses 445,Fashion and Accessories,Sunglasses,1,13896.76,13896.76,1890.7,Mobile Payment,C0080,41,Female,"100,000+",Bangalore,Yes,Low
T0097,2024-02-22,21:23:02,S004,Hiking Boots 447,Sports and Outdoors,Hiking Boots,2,69460.48,138920.96,5478.21,Cash,C0023,43,Female,"100,000+",Bangalore,No,High
T0014,2024-07-16,16:01:38,S004,Laptops 153,Electronics,Laptops,2,96793.58,193587.16,16105.69,Credit Card,C0057,76,Male,"50,000-74,999",Bangalore,No,Medium
T006,2024-05-03,05:32:24,S003,Home Assistants 275,Electronics,Home Assistants,3,18326.96,54980.88,11877.85,Debit Card,C0096,61,Male,"100,000+",Delhi,Yes,High
T0078,2024-04-10,18:51:34,S002,Massage Devices 852,Health and Wellness,Massage Devices,3,42804.41,128413.23,527.9,Debit Card,C0096,62,Male,"<25,000",Chennai,No,Medium
T0012,2024-01-27,23:21:06,S002,Scarves 547,Fashion and Accessories,Scarves,5,15982.28,79911.4,4370.29,Debit Card,C0097,50,Female,"100,000+",Bangalore,No,Medium
T0063,2024-02-22,01:55:38,S005,Treadmills 516,Sports and Outdoors,Treadmills,1,69231.48,69231.48,19537.4,Credit Card,C0026,69,Male,"50,000-74,999",Hyderabad,No,High
T003,2024-03-08,11:07:16,S005,Smartphones 166,Electronics,Smartphones,4,17829.32,71317.28,4443.89,Credit Card,C0093,81,Female,"50,000-74,999",Chennai,Yes,High
T0045,2024-06-17,18:16:47,S001,Refrigerators 400,Home Appliances,Refrigerators,1,29247.79,29247.79,5868.15,Cash,C0057,50,Male,"<25,000",Hyderabad,No,Low
T0077,2024-07-05,14:28:32,S001,Blenders 589,Home Appliances,Blenders,5,23406.33,117031.65,33719.25,Mobile Payment,C0051,39,Male,"25,000-49,999",Chennai,No,High
T0039,2024-01-25,10:41:45,S001,Massage Devices 468,Health and Wellness,Massage Devices,5,79141.74,395708.7,106984.9,Credit Card,C0086,41,Male,"100,000+",Mumbai,No,High
T0027,2024-01-06,08:39:28,S004,Gloves 389,Fashion and Accessories,Gloves,1,92518.55,92518.55,4689.99,Credit Card,C0075,42,Female,"50,000-74,999",Delhi,Yes,Medium
T0093,2024-03-23,03:24:19,S002,Fiction Books 871,Books and Media,Fiction Books,5,36424.9,182124.5,50114.32,Credit Card,C0021,75,Female,"25,000-49,999",Mumbai,Yes,High
T0057,2024-05-22,20:05:18,S002,Vitamins 758,Health and Wellness,Vitamins,5,85064.78,425323.9,119430.49,Credit Card,C0055,64,Female,"100,000+",Chennai,No,Low
T0058,2024-06-19,08:22:45,S001,Vacuum Cleaners 628,Home Appliances,Vacuum Cleaners,4,85207.68,340830.72,25578.16,Debit Card,C0052,28,Female,"25,000-49,999",Bangalore,No,Medium
T0078,2024-03-12,04:16:51,S003,Massage Devices 423,Health and Wellness,Massage Devices,1,68585.37,68585.37,9648.66,Cash,C0080,22,Male,"75,000-99,999",Hyderabad,No,Low
T0021,2024-06-22,05:06:51,S005,Fitness Equipment 990,Health and Wellness,Fitness Equipment,4,93679.29,374717.16,43149.8,Cash,C0070,44,Male,"<25,000",Delhi,No,High
T0081,2024-04-17,14:18:09,S002,Microwave Ovens 568,Home Appliances,Microwave Ovens,1,66928.8,66928.8,10157.99,Debit Card,C0045,54,Male,"100,000+",Delhi,Yes,Low
T0014,2024-01-02,22:49:51,S001,Laptops 984,Electronics,Laptops,4,46438.61,185754.44,25519.18,Mobile Payment,C0023,55,Female,"25,000-49,999",Chennai,No,Medium
T0016,2024-07-11,21:39:45,S004,Treadmills 818,Sports and Outdoors,Treadmills,4,17330.5,69322.0,12847.37,Credit Card,C0081,24,Female,"75,000-99,999",Bangalore,Yes,High
T0023,2024-06-17,17:16:35,S004,DVDs 545,Books and Media,DVDs,4,33471.93,133887.72,3837.63,Cash,C0056,73,Female,"100,000+",Hyderabad,Yes,Low
T0050,2024-07-18,18:32:15,S002,Health Monitors 521,Health and Wellness,Health Monitors,5,97004.0,485020.0,53061.74,Cash,C0020,34,Female,"<25,000",Hyderabad,No,Medium
T0059,2024-04-17,08:08:15,S004,Home Assistants 167,Electronics,Home Assistants,5,94608.92,473044.6,56721.04,Debit Card,C0071,58,Male,"25,000-49,999",Hyderabad,No,Medium
T0018,2024-06-12,00:50:01,S003,Health Monitors 690,Health and Wellness,Health Monitors,5,32713.07,163565.35,24985.67,Mobile Payment,C0044,55,Male,"25,000-49,999",Mumbai,Yes,Low
T0023,2024-07-16,03:01:13,S003,Non-Fiction Books 709,Books and Media,Non-Fiction Books,1,26362.61,26362.61,1914.66,Credit Card,C0050,56,Female,"25,000-49,999",Delhi,Yes,High
T0089,2024-01-16,23:22:41,S005,Digital Cameras 115,Electronics,Digital Cameras,5,42781.64,213908.2,60648.04,Mobile Payment,C0058,64,Female,"75,000-99,999",Delhi,No,High
T0053,2024-05-19,19:42:04,S004,Handbags 843,Fashion and Accessories,Handbags,2,30797.33,61594.66,4455.91,Credit Card,C0014,40,Male,"75,000-99,999",Bangalore,No,Low
T0065,2024-03-31,13:36:38,S002,Dumbbells 301,Sports and Outdoors,Dumbbells,3,12815.2,38445.6,822.87,Credit Card,C0056,63,Male,"50,000-74,999",Bangalore,Yes,High
T0029,2024-04-09,09:16:08,S001,DVDs 310,Books and Media,DVDs,4,11844.15,47376.6,13249.62,Credit Card,C0085,27,Female,"50,000-74,999",Mumbai,Yes,Low
T0046,2024-03-06,14:57:28,S005,eBooks 863,Books and Media,eBooks,5,86862.66,434313.3,41966.43,Cash,C0052,73,Female,"75,000-99,999",Hyderabad,Yes,Low
T0031,2024-04-19,05:34:47,S003,Shoes 213,Fashion and Accessories,Shoes,2,21189.33,42378.66,11129.81,Debit Card,C0048,60,Female,"50,000-74,999",Bangalore,No,High
T001,2024-03-09,05:48:00,S004,Shoes 524,Fashion and Accessories,Shoes,1,21965.05,21965.05,3896.55,Mobile Payment,C0096,39,Female,"100,000+",Hyderabad,No,High
T0032,2024-07-08,17:27:00,S002,Handbags 710,Fashion and Accessories,Handbags,1,50417.46,50417.46,4145.4,Credit Card,C0016,35,Male,"100,000+",Bangalore,Yes,Low
T0041,2024-01-08,14:26:31,S004,Belts 759,Fashion and Accessories,Belts,5,95662.62,478313.1,93118.05,Mobile Payment,C0082,27,Female,"25,000-49,999",Hyderabad,Yes,Medium
T0027,2024-02-25,04:43:30,S005,Vacuum Cleaners 321,Home Appliances,Vacuum Cleaners,1,23614.04,23614.04,3199.85,Mobile Payment,C0079,70,Male,"75,000-99,999",Delhi,Yes,Low
T0075,2024-03-29,18:02:36,S002,Jewelry 181,Fashion and Accessories,Jewelry,1,14044.22,14044.22,1139.29,Cash,C0045,38,Male,"75,000-99,999",Hyderabad,No,Medium
T0031,2024-05-09,21:49:48,S005,Microwave Ovens 157,Home Appliances,Microwave Ovens,4,8709.26,34837.04,4242.39,Cash,C0078,83,Male,"50,000-74,999",Chennai,No,Medium
T0061,2024-01-16,05:06:09,S001,Digital Cameras 807,Electronics,Digital Cameras,5,98726.14,493630.7,31527.38,Mobile Payment,C0013,75,Female,"100,000+",Chennai,Yes,High
T0035,2024-03-30,14:57:46,S005,Laptops 918,Electronics,Laptops,1,61353.53,61353.53,3678.62,Debit Card,C0068,83,Male,"25,000-49,999",Delhi,Yes,Medium
T0030,2024-02-20,09:08:31,S002,Watches 843,Fashion and Accessories,Watches,4,38094.15,152376.6,21493.0,Cash,C0072,70,Male,"<25,000",Mumbai,No,Low
T0045,2024-05-06,19:52:42,S005,Water Heaters 265,Home Appliances,Water Heaters,1,34312.95,34312.95,3743.86,Mobile Payment,C0010,27,Female,"25,000-49,999",Hyderabad,Yes,Low
T0016,2024-03-05,11:21:01,S005,Scarves 660,Fashion and Accessories,Scarves,1,30148.37,30148.37,2162.51,Mobile Payment,C0055,65,Female,"75,000-99,999",Delhi,Yes,High
T0016,2024-04-13,06:27:00,S001,Hats 648,Fashion and Accessories,Hats,3,9964.24,29892.72,294.27,Credit Card,C0069,56,Female,"50,000-74,999",Mumbai,Yes,Medium
T0051,2024-02-05,06:57:24,S005,Blenders 499,Home Appliances,Blenders,4,49215.04,196860.16,17238.61,Debit Card,C00100,25,Male,"<25,000",Hyderabad,No,High
T0062,2024-03-27,23:24:56,S005,Digital Cameras 892,Electronics,Digital Cameras,3,96524.91,289574.73,41625.5,Cash,C0065,61,Male,"<25,000",Hyderabad,Yes,High
T009,2024-06-08,01:48:52,S001,Running Shoes 695,Sports and Outdoors,Running Shoes,4,68504.98,274019.92,27216.55,Debit Card,C0057,27,Male,"75,000-99,999",Chennai,Yes,Medium
T0055,2024-06-01,18:46:00,S002,Vitamins 177,Health and Wellness,Vitamins,1,27923.61,27923.61,2506.67,Debit Card,C0052,22,Male,"100,000+",Hyderabad,No,High
T00100,2024-01-30,15:07:28,S005,Handbags 933,Fashion and Accessories,Handbags,1,19583.3,19583.3,1743.58,Cash,C0035,24,Male,"<25,000",Hyderabad,Yes,Medium
T0088,2024-07-17,08:42:48,S001,Sports Apparel 693,Sports and Outdoors,Sports Apparel,1,86433.56,86433.56,10527.23,Mobile Payment,C0051,76,Male,"75,000-99,999",Hyderabad,No,Medium
T0030,2024-06-07,04:54:01,S001,Yoga Accessories 779,Health and Wellness,Yoga Accessories,4,2945.84,11783.36,1260.97,Debit Card,C0018,21,Female,"25,000-49,999",Chennai,Yes,Medium
T0077,2024-01-13,13:26:56,S004,Essential Oils 404,Health and Wellness,Essential Oils,2,98904.51,197809.02,24154.95,Credit Card,C0035,35,Female,"75,000-99,999",Mumbai,No,Medium
T0028,2024-04-03,18:06:12,S004,Hats 566,Fashion and Accessories,Hats,2,25526.96,51053.92,1774.79,Credit Card,C0025,24,Female,"25,000-49,999",Bangalore,Yes,Low
T0050,2024-01-31,01:31:59,S002,CDs 488,Books and Media,CDs,5,78711.04,393555.2,67729.72,Credit Card,C0041,37,Female,"75,000-99,999",Chennai,No,Medium
T0036,2024-06-08,02:16:28,S002,Watches 578,Fashion and Accessories,Watches,2,12205.48,24410.96,886.44,Debit Card,C0023,58,Male,"100,000+",Chennai,Yes,High
T0062,2024-06-13,08:19:09,S001,Comic Books 626,Books and Media,Comic Books,4,71209.51,284838.04,35612.83,Mobile Payment,C0032,55,Male,"25,000-49,999",Delhi,Yes,High
T0031,2024-04-29,11:44:47,S003,Watches 649,Fashion and Accessories,Watches,4,30068.32,120273.28,3155.58,Mobile Payment,C004,27,Female,"<25,000",Hyderabad,Yes,Low
T0056,2024-01-21,00:55:54,S001,Refrigerators 884,Home Appliances,Refrigerators,5,41058.33,205291.65,29182.95,Mobile Payment,C0024,49,Male,"<25,000",Delhi,No,Low
T0099,2024-07-15,16:45:34,S003,Sunglasses 933,Fashion and Accessories,Sunglasses,5,67423.39,337116.95,19521.71,Cash,C0081,83,Male,"<25,000",Hyderabad,Yes,Medium
T0097,2024-01-26,19:52:10,S002,Home Assistants 339,Electronics,Home Assistants,3,55617.47,166852.41,45497.46,Mobile Payment,C0043,59,Male,"75,000-99,999",Mumbai,No,High
T0087,2024-06-13,07:01:41,S004,Washing Machines 887,Home Appliances,Washing Machines,4,27496.63,109986.52,20995.49,Debit Card,C0015,47,Female,"75,000-99,999",Hyderabad,Yes,High
T0044,2024-01-15,22:31:19,S003,Water Heaters 299,Home Appliances,Water Heaters,5,49868.07,249340.35,8167.01,Credit Card,C0041,65,Female,"100,000+",Chennai,Yes,Medium
T0086,2024-06-07,01:19:43,S001,Headphones 441,Electronics,Headphones,2,70335.63,140671.26,28078.84,Credit Card,C0036,53,Female,"25,000-49,999",Chennai,Yes,High
T0092,2024-02-24,06:16:27,S005,Haircare Products 600,Health and Wellness,Haircare Products,2,40796.11,81592.22,11167.35,Mobile Payment,C0042,47,Male,"75,000-99,999",Chennai,Yes,High
T0065,2024-01-07,13:06:33,S002,Microwave Ovens 611,Home Appliances,Microwave Ovens,4,17417.88,69671.52,4468.99,Debit Card,C0087,41,Female,"50,000-74,999",Mumbai,No,Medium
T0037,2024-04-16,00:13:33,S003,Wearable Devices 734,Electronics,Wearable Devices,4,29373.0,117492.0,7572.52,Debit Card,C0050,62,Male,"75,000-99,999",Delhi,No,Medium
T005,2024-03-17,00:18:24,S004,Essential Oils 121,Health and Wellness,Essential Oils,4,76219.0,304876.0,23039.14,Debit Card,C005,47,Female,"25,000-49,999",Chennai,No,Low
T0040,2024-06-23,15:40:47,S001,Yoga Accessories 593,Health and Wellness,Yoga Accessories,2,2652.48,5304.96,478.98,Credit Card,C0092,51,Female,"25,000-49,999",Mumbai,Yes,Low
T0029,2024-01-24,16:01:27,S001,Massage Devices 344,Health and Wellness,Massage Devices,1,26425.61,26425.61,4241.78,Cash,C002,56,Female,"100,000+",Delhi,Yes,High
T0089,2024-06-04,21:42:48,S004,Electric Kettles 522,Home Appliances,Electric Kettles,2,99503.78,199007.56,16112.51,Credit Card,C0029,78,Female,"75,000-99,999",Mumbai,Yes,Medium
T0065,2024-05-07,20:55:54,S003,Jewelry 500,Fashion and Accessories,Jewelry,4,76072.84,304291.36,23148.46,Debit Card,C0033,77,Male,"<25,000",Mumbai,No,Medium
T0079,2024-04-03,11:56:58,S003,Gaming Consoles 792,Electronics,Gaming Consoles,2,87906.43,175812.86,11887.23,Debit Card,C002,84,Male,"<25,000",Mumbai,No,Medium
T0052,2024-03-18,03:33:46,S001,Air Purifiers 435,Home Appliances,Air Purifiers,1,38140.34,38140.34,146.4,Mobile Payment,C0012,45,Male,"25,000-49,999",Bangalore,No,Low
T0085,2024-03-18,19:55:01,S005,DVDs 800,Books and Media,DVDs,5,59414.62,297073.1,8960.83,Credit Card,C0029,30,Male,"<25,000",Bangalore,No,Low
T0067,2024-04-05,18:03:31,S001,Belts 594,Fashion and Accessories,Belts,1,94700.58,94700.58,16050.73,Debit Card,C0076,82,Female,"75,000-99,999",Bangalore,No,Low
T0030,2024-04-10,00:33:18,S002,Laptops 748,Electronics,Laptops,3,30547.41,91642.23,25397.71,Debit Card,C0049,65,Female,"75,000-99,999",Chennai,Yes,Low
T0090,2024-04-11,19:31:46,S001,Bicycles 175,Sports and Outdoors,Bicycles,2,50757.79,101515.58,6123.26,Debit Card,C0052,31,Female,"75,000-99,999",Mumbai,No,Low
T0051,2024-02-27,23:01:21,S002,Running Shoes 859,Sports and Outdoors,Running Shoes,2,93211.1,186422.2,28067.52,Debit Card,C0073,72,Male,"25,000-49,999",Delhi,No,High
T0087,2024-05-13,11:15:39,S003,Treadmills 819,Sports and Outdoors,Treadmills,5,44501.73,222508.65,33394.8,Debit Card,C0026,51,Male,"50,000-74,999",Delhi,No,Medium
T0093,2024-04-13,03:56:33,S005,Digital Cameras 194,Electronics,Digital Cameras,3,64836.52,194509.56,5710.41,Credit Card,C0069,75,Female,"25,000-49,999",Chennai,No,Medium
T0092,2024-02-18,03:29:27,S001,Non-Fiction Books 616,Books and Media,Non-Fiction Books,5,55405.49,277027.45,81376.94,Cash,C0083,61,Male,"50,000-74,999",Delhi,Yes,Medium
T0019,2024-05-03,11:08:09,S004,Routers 311,Electronics,Routers,2,54772.33,109544.66,1218.81,Credit Card,C0054,35,Male,"75,000-99,999",Hyderabad,Yes,High
T0077,2024-04-08,00:48:40,S004,Bicycles 348,Sports and Outdoors,Bicycles,4,36125.23,144500.92,41014.16,Cash,C0010,79,Male,"75,000-99,999",Delhi,Yes,Medium
T0055,2024-01-13,04:40:24,S002,Coffee Makers 459,Home Appliances,Coffee Makers,2,99879.5,199759.0,12890.54,Debit Card,C0083,62,Male,"100,000+",Mumbai,Yes,Medium
T0088,2024-05-19,00:44:22,S003,Jackets 492,Fashion and Accessories,Jackets,2,16604.5,33209.0,5472.51,Mobile Payment,C0078,46,Female,"75,000-99,999",Chennai,Yes,Medium
T0086,2024-02-17,02:32:20,S002,Routers 285,Electronics,Routers,5,63397.45,316987.25,26689.25,Credit Card,C0051,71,Male,"50,000-74,999",Bangalore,Yes,High
T0068,2024-01-26,23:22:30,S003,Camping Gear 806,Sports and Outdoors,Camping Gear,3,69462.37,208387.11,10924.13,Credit Card,C003,71,Female,"75,000-99,999",Chennai,No,Medium
T0023,2024-03-05,10:45:51,S003,Skincare Products 864,Health and Wellness,Skincare Products,5,60699.0,303495.0,77921.92,Mobile Payment,C0024,82,Female,"100,000+",Delhi,Yes,High
T0070,2024-04-12,02:13:19,S002,Essential Oils 199,Health and Wellness,Essential Oils,2,47880.86,95761.72,12510.19,Debit Card,C0010,49,Male,"100,000+",Mumbai,Yes,Medium
T0040,2024-01-03,06:31:51,S002,Home Assistants 506,Electronics,Home Assistants,4,11927.0,47708.0,12070.09,Credit Card,C008,59,Male,"100,000+",Delhi,No,High
T0049,2024-06-01,15:25:25,S002,Haircare Products 247,Health and Wellness,Haircare Products,1,91607.11,91607.11,2741.39,Mobile Payment,C0074,58,Female,"100,000+",Delhi,No,Medium
T0095,2024-06-10,17:07:33,S002,Coffee Makers 708,Home Appliances,Coffee Makers,4,93369.56,373478.24,56497.8,Credit Card,C0084,68,Female,"25,000-49,999",Mumbai,Yes,Medium
T0055,2024-03-05,08:04:54,S002,Hiking Boots 817,Sports and Outdoors,Hiking Boots,1,17803.78,17803.78,2104.35,Debit Card,C0064,49,Male,"25,000-49,999",Mumbai,Yes,Low
T0036,2024-05-04,01:01:01,S004,Routers 174,Electronics,Routers,2,72072.13,144144.26,16273.8,Cash,C0083,64,Male,"<25,000",Mumbai,Yes,Medium
T006,2024-03-12,09:10:32,S001,Air Purifiers 608,Home Appliances,Air Purifiers,4,95079.5,380318.0,31809.3,Debit Card,C0085,52,Male,"100,000+",Mumbai,Yes,Low
T0017,2024-07-03,13:30:33,S005,Microwave Ovens 454,Home Appliances,Microwave Ovens,5,48191.66,240958.3,18643.37,Mobile Payment,C0082,43,Male,"50,000-74,999",Hyderabad,Yes,Low
T001,2024-07-16,10:55:43,S003,Microwave Ovens 247,Home Appliances,Microwave Ovens,4,32457.99,129831.96,415.2,Credit Card,C0035,41,Female,"25,000-49,999",Mumbai,No,High
T007,2024-04-15,22:13:10,S003,Supplements 366,Health and Wellness,Supplements,5,20416.07,102080.35,6313.44,Mobile Payment,C0010,32,Female,"50,000-74,999",Delhi,No,Medium
T0018,2024-05-26,00:35:33,S004,Graphic Novels 817,Books and Media,Graphic Novels,1,13286.07,13286.07,2187.59,Mobile Payment,C0088,64,Male,"100,000+",Hyderabad,Yes,Low
T0098,2024-07-13,05:01:03,S003,Health Monitors 991,Health and Wellness,Health Monitors,3,78801.95,236405.85,33995.27,Mobile Payment,C0065,69,Male,"100,000+",Delhi,No,High
T006,2024-04-18,16:26:18,S001,Supplements 293,Health and Wellness,Supplements,5,32705.42,163527.1,24786.11,Debit Card,C0081,26,Male,"75,000-99,999",Mumbai,Yes,High
T0079,2024-03-28,07:29:16,S004,Shoes 881,Fashion and Accessories,Shoes,3,58542.52,175627.56,43550.07,Cash,C0044,36,Female,"75,000-99,999",Chennai,No,Low
T0074,2024-04-23,06:06:33,S005,Washing Machines 382,Home Appliances,Washing Machines,3,72902.59,218707.77,2447.47,Cash,C001,45,Male,"50,000-74,999",Delhi,No,Low
T0019,2024-07-06,19:20:57,S003,Headphones 427,Electronics,Headphones,2,5141.83,10283.66,994.68,Credit Card,C0054,21,Male,"75,000-99,999",Mumbai,No,Medium
T0080,2024-04-03,05:45:25,S002,DVDs 153,Books and Media,DVDs,4,63890.41,255561.64,39541.5,Cash,C0061,32,Female,"75,000-99,999",Mumbai,No,Low
T0093,2024-06-05,14:28:45,S002,Water Bottles 265,Sports and Outdoors,Water Bottles,5,25354.98,126774.9,27837.74,Cash,C0055,55,Male,"75,000-99,999",Delhi,No,Low
T003,2024-03-02,15:22:43,S003,Supplements 652,Health and Wellness,Supplements,2,34861.28,69722.56,2440.75,Cash,C009,22,Female,"50,000-74,999",Mumbai,No,High
T0019,2024-06-02,01:10:15,S001,Non-Fiction Books 142,Books and Media,Non-Fiction Books,1,25176.67,25176.67,5462.17,Debit Card,C0085,66,Male,"100,000+",Mumbai,No,Low
T0028,2024-01-03,05:17:21,S001,Skincare Products 872,Health and Wellness,Skincare Products,3,80246.02,240738.06,25042.77,Mobile Payment,C0016,59,Female,"50,000-74,999",Delhi,Yes,Low
T0014,2024-01-31,21:51:29,S005,Haircare Products 847,Health and Wellness,Haircare Products,4,49597.97,198391.88,1613.12,Credit Card,C0084,66,Female,"100,000+",Delhi,No,Medium
T0044,2024-07-02,05:48:51,S005,Laptops 203,Electronics,Laptops,2,23652.51,47305.02,13525.57,Debit Card,C0048,81,Male,"75,000-99,999",Chennai,Yes,Low
T0089,2024-01-28,01:29:56,S004,CDs 826,Books and Media,CDs,2,75032.44,150064.88,2885.97,Cash,C0061,36,Female,"25,000-49,999",Bangalore,No,Medium
T0058,2024-01-15,09:20:01,S001,Belts 327,Fashion and Accessories,Belts,2,33969.46,67938.92,20234.05,Cash,C0050,26,Male,"25,000-49,999",Chennai,Yes,Medium
T009,2024-02-13,14:39:44,S005,Dumbbells 119,Sports and Outdoors,Dumbbells,2,21645.96,43291.92,1842.69,Debit Card,C0074,29,Male,"75,000-99,999",Hyderabad,No,High
T0080,2024-05-31,15:47:51,S002,Digital Cameras 622,Electronics,Digital Cameras,1,48783.68,48783.68,2383.62,Mobile Payment,C0063,21,Male,"75,000-99,999",Bangalore,No,Medium
T0049,2024-07-05,16:53:18,S003,Laptops 465,Electronics,Laptops,1,80235.37,80235.37,22403.01,Mobile Payment,C0093,57,Male,"<25,000",Bangalore,Yes,High
T0056,2024-02-20,07:49:31,S005,Protein Powders 981,Health and Wellness,Protein Powders,3,77139.46,231418.38,26073.63,Credit Card,C0088,68,Male,"25,000-49,999",Delhi,No,Medium
T0085,2024-01-16,17:22:53,S004,Air Purifiers 841,Home Appliances,Air Purifiers,3,93817.91,281453.73,34849.77,Cash,C0048,39,Female,"75,000-99,999",Mumbai,No,Medium
T0062,2024-02-27,22:35:12,S004,Printers 974,Electronics,Printers,3,9110.98,27332.94,4334.49,Cash,C0069,22,Male,"100,000+",Chennai,No,High
T0099,2024-06-10,21:27:03,S002,Home Assistants 834,Electronics,Home Assistants,4,63585.37,254341.48,63257.76,Mobile Payment,C0035,39,Female,"100,000+",Chennai,Yes,High
T0067,2024-03-24,11:34:14,S003,Vacuum Cleaners 167,Home Appliances,Vacuum Cleaners,3,33661.78,100985.34,4683.29,Cash,C0030,23,Male,"50,000-74,999",Chennai,No,Medium
T0022,2024-05-02,08:33:27,S002,Treadmills 323,Sports and Outdoors,Treadmills,2,37554.71,75109.42,205.6,Debit Card,C0037,72,Female,"<25,000",Chennai,No,High
T0044,2024-06-27,16:53:44,S002,Jackets 114,Fashion and Accessories,Jackets,3,5988.54,17965.62,4648.94,Debit Card,C0013,31,Male,"25,000-49,999",Hyderabad,Yes,High
T0074,2024-05-11,15:59:39,S005,Audiobooks 314,Books and Media,Audiobooks,1,47876.6,47876.6,14000.59,Cash,C002,62,Female,"75,000-99,999",Delhi,Yes,Low
T0098,2024-03-12,13:34:44,S002,Wearable Devices 620,Electronics,Wearable Devices,3,41196.47,123589.41,17819.03,Credit Card,C0090,61,Female,"50,000-74,999",Chennai,Yes,Low
T0015,2024-03-12,10:31:54,S001,Non-Fiction Books 742,Books and Media,Non-Fiction Books,1,57315.14,57315.14,3467.48,Debit Card,C0061,68,Female,"100,000+",Chennai,No,Low
T0064,2024-05-24,13:30:08,S005,Microwave Ovens 803,Home Appliances,Microwave Ovens,5,61692.2,308461.0,20991.55,Mobile Payment,C0023,53,Female,"75,000-99,999",Bangalore,Yes,Medium
T0039,2024-03-06,01:01:06,S002,Jewelry 911,Fashion and Accessories,Jewelry,4,48416.4,193665.6,30513.48,Debit Card,C0047,82,Female,"50,000-74,999",Delhi,Yes,Medium
T0039,2024-04-29,01:26:01,S001,Laptops 590,Electronics,Laptops,3,21754.01,65262.03,1373.57,Credit Card,C0016,39,Female,"<25,000",Chennai,Yes,High
T0080,2024-05-23,13:56:46,S004,Smartphones 792,Electronics,Smartphones,2,93941.64,187883.28,20942.9,Credit Card,C0028,27,Female,"25,000-49,999",Delhi,No,High
T0073,2024-04-15,18:33:18,S005,Digital Cameras 134,Electronics,Digital Cameras,3,78338.24,235014.72,14604.52,Debit Card,C0086,23,Female,"25,000-49,999",Chennai,Yes,Medium
T0070,2024-04-21,01:31:20,S003,Sports Apparel 709,Sports and Outdoors,Sports Apparel,4,88941.08,355764.32,96134.86,Cash,C0025,27,Female,"75,000-99,999",Mumbai,No,Low
T00100,2024-04-26,22:06:47,S004,Camping Gear 957,Sports and Outdoors,Camping Gear,3,43009.32,129027.96,13425.08,Cash,C0085,52,Female,"75,000-99,999",Mumbai,Yes,High
T0023,2024-06-21,01:21:06,S001,Non-Fiction Books 383,Books and Media,Non-Fiction Books,1,97392.55,97392.55,17035.2,Credit Card,C0067,50,Female,"100,000+",Chennai,Yes,Low
T0086,2024-06-23,04:14:07,S004,Washing Machines 814,Home Appliances,Washing Machines,1,19238.04,19238.04,5447.28,Cash,C0046,58,Female,"50,000-74,999",Hyderabad,Yes,High
T0091,2024-06-12,08:56:57,S005,Massage Devices 432,Health and Wellness,Massage Devices,4,99164.85,396659.4,87001.99,Debit Card,C008,26,Male,"25,000-49,999",Delhi,No,Low
T0067,2024-07-15,01:44:16,S005,Refrigerators 814,Home Appliances,Refrigerators,1,37063.66,37063.66,5386.66,Debit Card,C0044,48,Male,"50,000-74,999",Delhi,No,Medium
T0069,2024-05-08,11:13:29,S002,Watches 278,Fashion and Accessories,Watches,3,38537.26,115611.78,12805.52,Cash,C0027,64,Female,"25,000-49,999",Hyderabad,Yes,Medium
T007,2024-01-26,05:52:05,S002,Refrigerators 233,Home Appliances,Refrigerators,5,39881.87,199409.35,10384.03,Mobile Payment,C0053,46,Male,"100,000+",Delhi,No,Medium
T0071,2024-01-07,11:20:31,S002,Air Purifiers 637,Home Appliances,Air Purifiers,1,46462.69,46462.69,13104.12,Cash,C0021,52,Male,"25,000-49,999",Mumbai,Yes,Medium
T0072,2024-06-29,00:20:05,S001,Electric Kettles 151,Home Appliances,Electric Kettles,5,52288.75,261443.75,47390.15,Mobile Payment,C0050,50,Female,"100,000+",Bangalore,No,High
T0043,2024-03-19,05:01:44,S002,Laptops 825,Electronics,Laptops,4,11475.86,45903.44,8028.31,Cash,C0045,69,Female,"100,000+",Delhi,No,High
T0090,2024-02-24,19:36:27,S003,Laptops 335,Electronics,Laptops,2,37091.59,74183.18,1968.81,Mobile Payment,C0045,71,Male,"50,000-74,999",Delhi,Yes,Medium
T0033,2024-04-12,13:21:09,S002,Yoga Mats 542,Sports and Outdoors,Yoga Mats,5,34081.36,170406.8,37592.84,Credit Card,C0064,72,Female,"50,000-74,999",Hyderabad,No,Low
T0081,2024-05-23,21:01:54,S002,Electric Kettles 336,Home Appliances,Electric Kettles,4,14033.34,56133.36,7197.33,Debit Card,C0030,38,Male,"75,000-99,999",Hyderabad,Yes,Low
T0091,2024-01-02,00:53:56,S005,Jackets 502,Fashion and Accessories,Jackets,5,63683.02,318415.1,27585.11,Cash,C0059,82,Male,"100,000+",Chennai,Yes,Low
T008,2024-05-11,18:54:11,S002,Electric Kettles 481,Home Appliances,Electric Kettles,4,29758.17,119032.68,17454.02,Cash,C0052,81,Male,"25,000-49,999",Bangalore,No,High
T0053,2024-05-16,07:13:53,S003,Scarves 631,Fashion and Accessories,Scarves,3,27640.87,82922.61,6388.66,Debit Card,C0070,39,Male,"100,000+",Delhi,No,Low
T007,2024-03-18,08:09:27,S004,Supplements 508,Health and Wellness,Supplements,3,64436.15,193308.45,32441.01,Mobile Payment,C0090,56,Female,"<25,000",Mumbai,No,Medium
T0066,2024-06-02,07:45:12,S001,Washing Machines 416,Home Appliances,Washing Machines,1,42665.29,42665.29,3090.35,Debit Card,C0027,53,Male,"100,000+",Bangalore,No,Low
T0078,2024-03-25,12:38:55,S001,Bluetooth Speakers 508,Electronics,Bluetooth Speakers,5,5138.68,25693.4,4432.59,Cash,C0091,56,Male,"75,000-99,999",Delhi,No,Low
T0070,2024-03-15,03:24:30,S005,Audiobooks 576,Books and Media,Audiobooks,3,92373.42,277120.26,16653.58,Debit Card,C0036,26,Male,"<25,000",Bangalore,Yes,Low
T0030,2024-05-02,16:45:23,S003,Headphones 492,Electronics,Headphones,1,17158.85,17158.85,3102.5,Credit Card,C0023,36,Female,"<25,000",Bangalore,No,Medium
T0026,2024-05-10,22:05:09,S003,Routers 366,Electronics,Routers,3,97399.67,292199.01,73451.95,Credit Card,C0099,39,Male,"50,000-74,999",Bangalore,Yes,Low
T0065,2024-01-15,03:21:39,S004,Microwave Ovens 487,Home Appliances,Microwave Ovens,5,41353.17,206765.85,488.41,Cash,C0094,68,Female,"75,000-99,999",Mumbai,Yes,Medium
T0036,2024-06-16,21:37:58,S005,Gaming Consoles 125,Electronics,Gaming Consoles,4,59149.52,236598.08,54476.01,Debit Card,C0043,35,Female,"25,000-49,999",Mumbai,No,Medium
T0071,2024-03-30,04:56:47,S002,Massage Devices 109,Health and Wellness,Massage Devices,1,29549.55,29549.55,7612.04,Credit Card,C0096,38,Female,"25,000-49,999",Delhi,No,Medium
T0081,2024-04-19,21:03:31,S004,Graphic Novels 139,Books and Media,Graphic Novels,5,19991.13,99955.65,15449.02,Mobile Payment,C0064,25,Male,"50,000-74,999",Chennai,Yes,High
T0060,2024-01-28,19:50:30,S004,Headphones 417,Electronics,Headphones,4,61215.59,244862.36,14362.64,Debit Card,C0072,77,Male,"100,000+",Hyderabad,Yes,Low
T0035,2024-04-13,17:13:44,S001,Bluetooth Speakers 833,Electronics,Bluetooth Speakers,1,60861.07,60861.07,12106.96,Mobile Payment,C0041,26,Male,"25,000-49,999",Bangalore,Yes,High
T0041,2024-01-12,21:38:47,S002,Treadmills 328,Sports and Outdoors,Treadmills,1,66203.66,66203.66,9448.7,Mobile Payment,C0046,81,Female,"75,000-99,999",Hyderabad,Yes,Medium
T0051,2024-02-25,18:31:38,S005,Jewelry 759,Fashion and Accessories,Jewelry,1,59174.66,59174.66,5082.11,Cash,C0098,46,Male,"100,000+",Delhi,Yes,High
T0083,2024-05-27,04:34:00,S005,Shoes 669,Fashion and Accessories,Shoes,3,78680.05,236040.15,32467.74,Cash,C002,24,Female,"50,000-74,999",Chennai,No,Medium
T0055,2024-01-03,12:54:19,S003,Bicycles 711,Sports and Outdoors,Bicycles,3,79023.68,237071.04,70937.66,Debit Card,C0026,62,Female,"75,000-99,999",Hyderabad,No,Medium
T0044,2024-05-12,00:22:38,S002,Running Shoes 725,Sports and Outdoors,Running Shoes,3,59734.7,179204.1,7701.31,Debit Card,C0091,63,Female,"100,000+",Bangalore,No,Low
T0088,2024-05-03,07:05:56,S003,Fitness Equipment 671,Health and Wellness,Fitness Equipment,5,60846.27,304231.35,590.79,Debit Card,C0070,48,Female,"25,000-49,999",Hyderabad,Yes,Medium
T0090,2024-02-24,02:10:27,S001,Non-Fiction Books 951,Books and Media,Non-Fiction Books,2,54219.63,108439.26,26831.72,Credit Card,C0056,67,Male,"50,000-74,999",Chennai,No,Medium
T0045,2024-04-09,04:32:26,S003,Graphic Novels 106,Books and Media,Graphic Novels,3,3467.84,10403.52,2577.21,Mobile Payment,C0019,35,Male,"100,000+",Hyderabad,Yes,High
T0082,2024-01-16,04:00:56,S002,Laptops 534,Electronics,Laptops,2,99858.48,199716.96,39592.68,Mobile Payment,C0038,67,Female,"25,000-49,999",Hyderabad,No,Medium
T0045,2024-03-25,20:32:33,S002,DVDs 764,Books and Media,DVDs,1,93139.23,93139.23,20017.29,Cash,C001,34,Female,"<25,000",Mumbai,Yes,Medium
T0019,2024-06-05,05:47:16,S005,CDs 189,Books and Media,CDs,5,2644.41,13222.05,1851.55,Mobile Payment,C0060,62,Male,"<25,000",Hyderabad,No,Low
T0099,2024-01-16,02:50:57,S004,Handbags 226,Fashion and Accessories,Handbags,1,55369.76,55369.76,9636.68,Cash,C0091,35,Male,"50,000-74,999",Mumbai,No,Medium
T0070,2024-01-11,10:27:40,S005,Washing Machines 439,Home Appliances,Washing Machines,2,33331.84,66663.68,8226.44,Credit Card,C0088,36,Male,"75,000-99,999",Delhi,No,High
T0019,2024-04-20,05:33:24,S005,Vitamins 502,Health and Wellness,Vitamins,5,32559.44,162797.2,38929.04,Credit Card,C0063,31,Male,"25,000-49,999",Chennai,No,High
T0024,2024-07-12,01:29:38,S003,Massage Devices 153,Health and Wellness,Massage Devices,4,12763.97,51055.88,12803.73,Credit Card,C0047,76,Male,"25,000-49,999",Bangalore,Yes,High
T0058,2024-05-26,15:50:43,S005,Sports Apparel 630,Sports and Outdoors,Sports Apparel,4,23959.96,95839.84,19926.54,Cash,C0051,73,Male,"<25,000",Bangalore,No,Medium
T0088,2024-03-08,11:57:49,S002,Dishwashers 482,Home Appliances,Dishwashers,3,10814.86,32444.58,4922.28,Debit Card,C005,73,Male,"50,000-74,999",Delhi,No,Low
T0056,2024-02-27,05:15:31,S004,Magazines 478,Books and Media,Magazines,2,86293.71,172587.42,21883.23,Debit Card,C0089,76,Male,"<25,000",Hyderabad,No,Low
T0060,2024-07-09,02:17:56,S003,Routers 221,Electronics,Routers,1,58709.98,58709.98,7511.05,Debit Card,C0095,54,Female,"100,000+",Chennai,No,High
T0095,2024-01-27,11:49:04,S003,Treadmills 900,Sports and Outdoors,Treadmills,3,41746.78,125240.34,17501.92,Cash,C0084,61,Male,"<25,000",Hyderabad,No,Low
T0043,2024-02-18,21:49:59,S004,Laptops 243,Electronics,Laptops,2,58160.03,116320.06,32436.18,Credit Card,C0052,40,Male,"<25,000",Mumbai,No,Low
T0031,2024-01-06,20:33:31,S002,Bluetooth Speakers 961,Electronics,Bluetooth Speakers,2,94267.34,188534.68,38436.09,Credit Card,C0079,76,Female,"25,000-49,999",Chennai,No,High
T0013,2024-06-04,18:16:39,S005,Microwave Ovens 886,Home Appliances,Microwave Ovens,3,69514.08,208542.24,8643.3,Mobile Payment,C009,31,Male,"<25,000",Hyderabad,No,Medium
T0073,2024-01-18,09:00:41,S002,Treadmills 766,Sports and Outdoors,Treadmills,3,49365.7,148097.1,19742.63,Debit Card,C0040,27,Male,"75,000-99,999",Bangalore,No,Medium
T0082,2024-03-19,17:09:50,S004,Protein Powders 773,Health and Wellness,Protein Powders,2,36954.65,73909.3,7781.11,Debit Card,C0097,68,Female,"100,000+",Hyderabad,Yes,Medium
T0046,2024-04-02,16:27:42,S002,Vitamins 972,Health and Wellness,Vitamins,4,11549.04,46196.16,11302.36,Debit Card,C0036,55,Female,"<25,000",Delhi,No,Low
T0084,2024-06-22,21:25:15,S003,Protein Powders 730,Health and Wellness,Protein Powders,4,83200.2,332800.8,71447.43,Mobile Payment,C0067,52,Female,"75,000-99,999",Chennai,No,Medium
T0020,2024-01-16,08:03:49,S001,Water Heaters 896,Home Appliances,Water Heaters,3,13610.36,40831.08,472.34,Mobile Payment,C0051,39,Female,"75,000-99,999",Delhi,Yes,High
T0044,2024-01-22,00:44:44,S002,Fitness Trackers 106,Sports and Outdoors,Fitness Trackers,1,63011.87,63011.87,13787.04,Cash,C0050,25,Female,"50,000-74,999",Delhi,No,Low
T0065,2024-06-18,18:07:35,S001,CDs 185,Books and Media,CDs,1,59262.66,59262.66,1096.75,Cash,C0043,78,Female,"75,000-99,999",Bangalore,No,Low
T0047,2024-02-07,16:05:03,S001,Comic Books 112,Books and Media,Comic Books,2,4076.96,8153.92,2158.33,Mobile Payment,C0055,32,Male,"75,000-99,999",Delhi,Yes,High
T00100,2024-01-17,20:03:50,S005,Skincare Products 109,Health and Wellness,Skincare Products,5,63877.79,319388.95,90170.16,Cash,C005,81,Male,"75,000-99,999",Mumbai,Yes,High
T0016,2024-01-28,13:21:17,S005,Magazines 489,Books and Media,Magazines,5,14767.28,73836.4,6651.08,Debit Card,C0064,56,Male,"75,000-99,999",Mumbai,No,Medium
T005,2024-03-06,09:11:12,S002,Skincare Products 426,Health and Wellness,Skincare Products,1,5243.41,5243.41,23.88,Mobile Payment,C0057,67,Female,"100,000+",Mumbai,Yes,Medium
T0037,2024-05-30,09:16:10,S005,Magazines 423,Books and Media,Magazines,3,64319.31,192957.93,19610.93,Mobile Payment,C0092,70,Male,"<25,000",Bangalore,Yes,High
T0014,2024-04-14,02:17:02,S004,Gloves 833,Fashion and Accessories,Gloves,3,97302.27,291906.81,69153.79,Cash,C0025,64,Male,"25,000-49,999",Mumbai,No,Medium
T0069,2024-05-15,00:25:21,S002,Gaming Consoles 259,Electronics,Gaming Consoles,3,92391.19,277173.57,75022.4,Debit Card,C0068,25,Female,"100,000+",Delhi,No,High
T0072,2024-07-02,18:34:11,S003,Camping Gear 253,Sports and Outdoors,Camping Gear,4,64143.26,256573.04,34247.08,Debit Card,C0050,22,Male,"<25,000",Mumbai,Yes,High
T0028,2024-01-18,04:03:10,S001,Jewelry 257,Fashion and Accessories,Jewelry,5,34653.83,173269.15,51279.54,Mobile Payment,C0056,74,Female,"<25,000",Delhi,No,Low
T0070,2024-04-18,08:25:19,S005,Digital Cameras 777,Electronics,Digital Cameras,1,82812.3,82812.3,8818.84,Mobile Payment,C0026,37,Male,"<25,000",Mumbai,No,High
T0096,2024-04-30,17:47:46,S002,Fitness Equipment 993,Health and Wellness,Fitness Equipment,3,70502.18,211506.54,48885.26,Cash,C0073,44,Female,"<25,000",Hyderabad,Yes,Medium
T0045,2024-04-19,05:27:11,S003,Magazines 305,Books and Media,Magazines,3,96315.88,288947.64,45872.56,Mobile Payment,C0087,47,Female,"50,000-74,999",Chennai,No,Medium
T0071,2024-06-28,02:37:31,S005,Laptops 731,Electronics,Laptops,2,39232.15,78464.3,19805.34,Credit Card,C0028,83,Female,"<25,000",Bangalore,Yes,Low
T0066,2024-01-26,02:41:32,S003,Fiction Books 489,Books and Media,Fiction Books,2,2962.48,5924.96,1404.11,Debit Card,C0021,60,Female,"75,000-99,999",Hyderabad,Yes,High
T0065,2024-04-18,21:16:23,S003,Sunglasses 210,Fashion and Accessories,Sunglasses,3,84906.06,254718.18,34487.89,Cash,C0029,44,Female,"100,000+",Hyderabad,Yes,Medium
T0027,2024-05-04,08:03:53,S002,DVDs 870,Books and Media,DVDs,1,78237.38,78237.38,20912.83,Mobile Payment,C0062,59,Male,"75,000-99,999",Hyderabad,Yes,High
T0019,2024-03-08,14:52:40,S001,Coffee Makers 433,Home Appliances,Coffee Makers,4,71138.29,284553.16,47274.61,Credit Card,C0051,28,Female,"<25,000",Delhi,No,Medium
T0012,2024-02-07,15:12:30,S003,Dishwashers 937,Home Appliances,Dishwashers,4,80012.37,320049.48,23928.41,Debit Card,C0074,72,Male,"<25,000",Hyderabad,Yes,High
T0069,2024-01-16,06:38:13,S002,Hiking Boots 885,Sports and Outdoors,Hiking Boots,2,60642.19,121284.38,8575.32,Credit Card,C0034,47,Male,"25,000-49,999",Chennai,Yes,High
T0088,2024-01-06,15:18:54,S005,Coffee Makers 709,Home Appliances,Coffee Makers,4,76389.7,305558.8,91659.77,Debit Card,C0043,26,Male,"25,000-49,999",Chennai,Yes,High
T0027,2024-01-19,16:35:19,S005,Digital Cameras 380,Electronics,Digital Cameras,1,49627.35,49627.35,10041.93,Credit Card,C0071,74,Female,"75,000-99,999",Mumbai,No,Low
T0032,2024-02-10,02:22:57,S005,Sunglasses 184,Fashion and Accessories,Sunglasses,1,9829.68,9829.68,2878.79,Cash,C0027,75,Male,"50,000-74,999",Chennai,No,Low
T0012,2024-05-07,02:04:44,S001,Dumbbells 780,Sports and Outdoors,Dumbbells,3,2253.45,6760.35,1948.54,Cash,C002,62,Male,"75,000-99,999",Hyderabad,No,Medium
T0031,2024-04-26,11:18:29,S004,Laptops 863,Electronics,Laptops,5,25656.04,128280.2,34259.53,Mobile Payment,C0071,58,Male,"50,000-74,999",Bangalore,Yes,High
T0061,2024-01-20,22:23:36,S005,Gaming Consoles 622,Electronics,Gaming Consoles,3,85485.01,256455.03,73908.67,Debit Card,C0021,73,Male,"25,000-49,999",Mumbai,No,High
T0090,2024-05-15,16:19:45,S003,Camping Gear 232,Sports and Outdoors,Camping Gear,2,80493.54,160987.08,41558.49,Cash,C0068,71,Male,"25,000-49,999",Hyderabad,No,Low
T0099,2024-01-19,16:17:31,S004,Headphones 471,Electronics,Headphones,1,45516.93,45516.93,11055.23,Credit Card,C0043,29,Female,"100,000+",Hyderabad,Yes,High
T0023,2024-07-05,02:03:51,S003,Yoga Mats 914,Sports and Outdoors,Yoga Mats,5,83144.61,415723.05,50913.29,Debit Card,C0067,68,Female,"100,000+",Delhi,Yes,Medium
T0096,2024-01-03,08:15:32,S004,Yoga Accessories 562,Health and Wellness,Yoga Accessories,3,44247.5,132742.5,35910.98,Credit Card,C0051,81,Female,"<25,000",Mumbai,Yes,High
T0054,2024-03-02,16:23:11,S002,Jewelry 342,Fashion and Accessories,Jewelry,3,96110.52,288331.56,60836.02,Credit Card,C0098,56,Female,"<25,000",Bangalore,Yes,Low
T0051,2024-01-14,20:45:54,S001,CDs 539,Books and Media,CDs,5,43125.43,215627.15,29222.35,Mobile Payment,C0051,46,Male,"50,000-74,999",Bangalore,Yes,Medium
T0052,2024-07-13,22:31:39,S004,Non-Fiction Books 744,Books and Media,Non-Fiction Books,3,35671.22,107013.66,6914.54,Debit Card,C0063,42,Male,"75,000-99,999",Delhi,Yes,High
T0031,2024-02-25,22:52:47,S005,Vitamins 353,Health and Wellness,Vitamins,4,48334.51,193338.04,48733.24,Cash,C0079,29,Female,"75,000-99,999",Bangalore,Yes,Low
T0026,2024-04-23,23:04:10,S002,Washing Machines 694,Home Appliances,Washing Machines,5,99391.55,496957.75,116922.46,Debit Card,C0095,22,Female,"<25,000",Chennai,No,High
T0043,2024-04-13,13:01:42,S002,Laptops 188,Electronics,Laptops,5,39728.82,198644.1,48629.07,Cash,C0054,29,Male,"75,000-99,999",Chennai,No,Medium
T0032,2024-06-17,12:50:24,S003,Bluetooth Speakers 583,Electronics,Bluetooth Speakers,5,78869.36,394346.8,70112.43,Mobile Payment,C0016,72,Male,"50,000-74,999",Chennai,No,Low
T0082,2024-05-21,09:49:02,S005,Running Shoes 437,Sports and Outdoors,Running Shoes,3,20373.06,61119.18,7661.04,Cash,C0080,71,Female,"100,000+",Chennai,Yes,Low
T0015,2024-05-07,12:40:51,S005,CDs 439,Books and Media,CDs,4,84284.62,337138.48,65501.59,Debit Card,C0029,66,Male,"75,000-99,999",Hyderabad,Yes,High
T0078,2024-03-20,06:00:25,S005,Vinyl Records 243,Books and Media,Vinyl Records,5,81087.69,405438.45,63435.05,Mobile Payment,C0012,21,Male,"50,000-74,999",Mumbai,Yes,Medium
T0050,2024-05-12,11:49:03,S001,Essential Oils 100,Health and Wellness,Essential Oils,2,55005.07,110010.14,19451.09,Mobile Payment,C0010,82,Male,"50,000-74,999",Bangalore,No,Low
T0022,2024-05-25,21:23:04,S003,Hats 738,Fashion and Accessories,Hats,5,74715.02,373575.1,99440.77,Credit Card,C0097,40,Male,"75,000-99,999",Delhi,Yes,Low
T0035,2024-07-10,13:51:58,S002,Fiction Books 164,Books and Media,Fiction Books,1,34749.71,34749.71,4541.62,Credit Card,C0087,31,Female,"75,000-99,999",Chennai,Yes,Low
T0070,2024-05-07,15:27:20,S004,Yoga Mats 274,Sports and Outdoors,Yoga Mats,1,37436.17,37436.17,1015.52,Mobile Payment,C0047,60,Female,"100,000+",Mumbai,Yes,Low
T0060,2024-02-01,17:31:44,S005,Sunglasses 117,Fashion and Accessories,Sunglasses,3,39365.3,118095.9,11362.5,Mobile Payment,C0058,84,Male,"100,000+",Hyderabad,Yes,Low
T008,2024-03-11,15:36:18,S004,Laptops 420,Electronics,Laptops,3,36747.87,110243.61,21735.45,Credit Card,C0053,51,Male,"<25,000",Hyderabad,No,Low
T0011,2024-02-14,12:35:38,S004,Handbags 730,Fashion and Accessories,Handbags,1,47750.03,47750.03,12259.2,Debit Card,C0026,75,Female,"50,000-74,999",Chennai,No,Medium
T0055,2024-06-04,19:30:16,S003,Fitness Trackers 925,Sports and Outdoors,Fitness Trackers,1,63233.83,63233.83,1606.34,Debit Card,C0048,56,Female,"75,000-99,999",Bangalore,No,Low
T0081,2024-07-03,11:25:46,S001,Bluetooth Speakers 527,Electronics,Bluetooth Speakers,5,29348.39,146741.95,42049.42,Debit Card,C0093,65,Male,"50,000-74,999",Bangalore,No,Low
T0012,2024-04-16,07:08:06,S001,Audiobooks 533,Books and Media,Audiobooks,3,52152.9,156458.7,16748.93,Debit Card,C0013,56,Male,"25,000-49,999",Delhi,No,High
T0072,2024-06-27,06:37:54,S002,DVDs 303,Books and Media,DVDs,2,81826.33,163652.66,42326.25,Mobile Payment,C008,55,Female,"100,000+",Delhi,Yes,Low
T0033,2024-03-25,04:57:46,S003,Gloves 743,Fashion and Accessories,Gloves,2,67113.37,134226.74,24200.77,Credit Card,C0026,57,Female,"<25,000",Mumbai,Yes,High
T0076,2024-04-14,12:38:34,S001,Magazines 701,Books and Media,Magazines,2,51002.78,102005.56,10679.19,Debit Card,C0031,54,Female,"<25,000",Hyderabad,No,Low
T0011,2024-04-07,22:20:51,S005,Magazines 102,Books and Media,Magazines,4,83988.8,335955.2,71143.77,Credit Card,C0096,26,Female,"<25,000",Hyderabad,Yes,High
T0045,2024-01-27,13:03:00,S003,Fitness Equipment 705,Health and Wellness,Fitness Equipment,4,15773.03,63092.12,4282.6,Debit Card,C0020,74,Male,"<25,000",Chennai,Yes,High
T0073,2024-03-22,11:46:46,S003,Watches 655,Fashion and Accessories,Watches,5,66859.21,334296.05,76024.06,Debit Card,C0083,71,Male,"100,000+",Hyderabad,No,High
T0073,2024-02-26,07:09:54,S002,Magazines 594,Books and Media,Magazines,5,8866.69,44333.45,12783.09,Credit Card,C0073,54,Female,"25,000-49,999",Hyderabad,Yes,High
T0022,2024-02-13,10:36:20,S003,Laptops 972,Electronics,Laptops,2,76432.35,152864.7,95.63,Cash,C0099,71,Female,"50,000-74,999",Delhi,No,High
T0027,2024-07-03,13:05:53,S005,Jackets 785,Fashion and Accessories,Jackets,4,71132.85,284531.4,17842.89,Cash,C0056,46,Male,"100,000+",Chennai,Yes,High
T0014,2024-01-02,15:00:23,S003,Protein Powders 220,Health and Wellness,Protein Powders,3,20056.8,60170.4,14115.85,Mobile Payment,C0058,32,Female,"75,000-99,999",Hyderabad,No,Low
T0091,2024-07-02,17:55:45,S005,Water Heaters 449,Home Appliances,Water Heaters,4,24893.13,99572.52,68.99,Credit Card,C0035,29,Female,"75,000-99,999",Delhi,Yes,High
T0025,2024-06-22,10:16:19,S001,Comic Books 699,Books and Media,Comic Books,3,96247.96,288743.88,6512.31,Credit Card,C0079,31,Female,"75,000-99,999",Delhi,Yes,Low
T0059,2024-02-09,04:51:25,S004,Digital Cameras 442,Electronics,Digital Cameras,2,66086.89,132173.78,33298.12,Mobile Payment,C0050,33,Male,"25,000-49,999",Hyderabad,Yes,High
T0012,2024-06-11,23:33:57,S003,Comic Books 510,Books and Media,Comic Books,3,46611.06,139833.18,13409.81,Mobile Payment,C001,58,Male,"75,000-99,999",Chennai,Yes,High
T0081,2024-03-01,07:01:31,S002,Coffee Makers 469,Home Appliances,Coffee Makers,1,36341.71,36341.71,10841.95,Mobile Payment,C0047,77,Male,"50,000-74,999",Hyderabad,No,Medium
T0087,2024-07-05,08:07:38,S001,Graphic Novels 475,Books and Media,Graphic Novels,5,50070.72,250353.6,12180.47,Credit Card,C0091,58,Male,"50,000-74,999",Bangalore,Yes,Medium
T0071,2024-07-04,21:39:07,S004,Electric Kettles 417,Home Appliances,Electric Kettles,1,30101.93,30101.93,7881.96,Debit Card,C0076,84,Male,"25,000-49,999",Bangalore,Yes,High
T0061,2024-01-01,17:21:00,S005,Electric Kettles 479,Home Appliances,Electric Kettles,4,39796.26,159185.04,32134.94,Mobile Payment,C00100,67,Male,"25,000-49,999",Mumbai,Yes,High
