Customer ID,Age,Gender,Name,Income Level,Location,Loyalty Program,Purchase Frequency,Mail ID
C001,52,Male,Gavin Beasley,"<25,000",Bangalore,No,Low,hudsonkelly@example.com
C002,83,Male,Colin Ewing,"50,000-74,999",Delhi,Yes,Low,michaeljones@example.org
C003,31,Female,Kelly Martinez,"<25,000",Mumbai,No,Low,melanie76@example.net
C004,66,Female,Kevin Jones,"25,000-49,999",Chennai,Yes,High,allen60@example.org
C005,66,Female,Brittany Jones,"25,000-49,999",Hyderabad,No,High,kingjerry@example.org
C006,40,Male,Timothy Morris,"<25,000",Chennai,No,Medium,sgarza@example.com
C007,26,Male,Edward Rice,"<25,000",Chennai,No,Low,pamelanichols@example.org
C008,77,Female,Tracy Green,"75,000-99,999",Hyderabad,Yes,Medium,josephowens@example.com
C009,64,Male,Lisa Joseph,"25,000-49,999",Mumbai,Yes,High,christensenashley@example.net
C0010,63,Female,Holly Mcguire,"100,000+",Chennai,Yes,High,allisonmorrison@example.org
C0011,27,Male,Jennifer Hicks,"25,000-49,999",Bangalore,No,Low,ijohnston@example.com
C0012,66,Female,Susan Ellis,"25,000-49,999",Bangalore,Yes,Low,bmartin@example.org
C0013,34,Female,Micheal Gonzalez,"100,000+",Hyderabad,Yes,Low,carrollamber@example.com
C0014,48,Female,Cynthia Walsh,"50,000-74,999",Mumbai,Yes,Low,lisalee@example.org
C0015,39,Male,Heather Williams,"<25,000",Mumbai,Yes,High,andrea28@example.net
C0016,25,Male,Allen Hernandez,"<25,000",Chennai,No,Low,raymond67@example.com
C0017,67,Female,Jennifer Hernandez,"<25,000",Delhi,Yes,Low,igutierrez@example.net
C0018,76,Female,Jessica Mcknight,"100,000+",Bangalore,Yes,Medium,brownlisa@example.net
C0019,44,Male,Timothy Brown,"75,000-99,999",Bangalore,No,High,gonzalezkimberly@example.net
C0020,48,Male,Michele Reed,"50,000-74,999",Mumbai,Yes,Low,marcusparker@example.com
C0021,58,Female,Holly Drake,"<25,000",Mumbai,No,Medium,lorilin@example.org
C0022,55,Male,Ashley King,"<25,000",Chennai,No,Low,timothyhays@example.org
C0023,64,Female,Katrina Cooper,"25,000-49,999",Mumbai,Yes,Medium,tanya27@example.org
C0024,52,Female,John Reilly,"25,000-49,999",Chennai,Yes,Low,mcdonaldjoshua@example.com
C0025,56,Female,Mr. Erik Adams MD,"50,000-74,999",Hyderabad,Yes,Low,adrianagarcia@example.com
C0026,77,Male,Colleen Nelson,"50,000-74,999",Chennai,Yes,High,frazierrebecca@example.net
C0027,60,Female,Katrina Rodriguez,"50,000-74,999",Chennai,No,Low,robertsjeffrey@example.net
C0028,32,Female,Michelle Scott,"25,000-49,999",Chennai,No,Low,robertsonaaron@example.org
C0029,33,Male,Holly Waters,"25,000-49,999",Hyderabad,No,Low,marvin94@example.org
C0030,31,Male,Amanda Smith,"<25,000",Chennai,Yes,Medium,loriharper@example.com
C0031,69,Male,Angela Cook,"50,000-74,999",Delhi,No,Medium,christopher32@example.com
C0032,22,Female,Leah Garcia,"75,000-99,999",Bangalore,Yes,Low,bvelez@example.com
C0033,81,Female,Melissa Burch,"75,000-99,999",Hyderabad,Yes,Medium,jessica39@example.net
C0034,42,Female,Daniel Schultz,"50,000-74,999",Mumbai,Yes,High,krista02@example.com
C0035,82,Male,Christopher Kelley,"75,000-99,999",Mumbai,No,Low,thomasrodgers@example.net
C0036,44,Female,Lindsey Weber,"<25,000",Mumbai,Yes,High,johnsongregory@example.com
C0037,66,Female,Jean Leonard,"25,000-49,999",Mumbai,No,High,hhuynh@example.com
C0038,52,Male,Christopher Miller,"50,000-74,999",Mumbai,Yes,High,christopher38@example.org
C0039,21,Male,Mrs. Jordan Higgins,"75,000-99,999",Mumbai,Yes,Medium,bprince@example.net
C0040,52,Female,Tracy Henry,"100,000+",Chennai,Yes,High,ffreeman@example.net
C0041,77,Female,Shaun Velasquez,"75,000-99,999",Hyderabad,No,Medium,henrymiller@example.com
C0042,36,Female,Mary Anthony,"75,000-99,999",Delhi,Yes,Low,harrisjohn@example.net
C0043,46,Female,Leslie Chandler,"50,000-74,999",Delhi,Yes,Medium,adamsanna@example.net
C0044,31,Female,Sarah Carey,"100,000+",Chennai,No,Low,williamnash@example.org
C0045,29,Female,Kenneth Taylor III,"25,000-49,999",Bangalore,No,High,lauren58@example.com
C0046,32,Female,Andrew Wall,"100,000+",Hyderabad,No,Low,lindaclark@example.org
C0047,66,Female,David Barber,"25,000-49,999",Delhi,No,Medium,nicole28@example.org
C0048,29,Female,Kayla Watts,"50,000-74,999",Bangalore,No,High,kevin91@example.org
C0049,47,Female,Lori Fischer,"<25,000",Chennai,Yes,Medium,swansonangela@example.org
C0050,50,Female,Michael Mullen,"75,000-99,999",Delhi,Yes,High,anthonybennett@example.net
C0051,80,Male,Katherine Higgins,"100,000+",Mumbai,No,Medium,chall@example.com
C0052,55,Female,Jade Jimenez,"50,000-74,999",Bangalore,No,Low,richardsonkathleen@example.org
C0053,81,Female,Susan Lewis,"<25,000",Mumbai,Yes,Medium,lindseykristen@example.com
C0054,49,Male,George Clark,"<25,000",Chennai,No,High,angelabrown@example.com
C0055,60,Male,April Carter,"<25,000",Mumbai,Yes,Medium,bjohnson@example.com
C0056,77,Male,Brent Garcia,"<25,000",Hyderabad,No,Medium,xbuckley@example.net
C0057,41,Male,Kyle Anderson,"75,000-99,999",Mumbai,Yes,Medium,nicholasortiz@example.com
C0058,22,Female,Kara Fletcher,"75,000-99,999",Chennai,Yes,High,pscott@example.com
C0059,38,Female,Gloria White,"75,000-99,999",Hyderabad,Yes,High,zbeck@example.org
C0060,66,Female,Olivia Fuentes,"75,000-99,999",Hyderabad,No,High,charleshogan@example.com
C0061,32,Male,Adam Sanders,"<25,000",Hyderabad,No,Low,russellmichael@example.com
C0062,56,Male,Tanya Kent,"<25,000",Delhi,Yes,Medium,edward41@example.org
C0063,39,Male,Ashley Martinez,"50,000-74,999",Delhi,No,High,rickywilson@example.com
C0064,47,Male,Daniel Yang PhD,"75,000-99,999",Chennai,Yes,High,ryan43@example.com
C0065,28,Female,Danielle Hall,"<25,000",Delhi,No,High,margaretmooney@example.net
C0066,22,Male,Mark Graham,"50,000-74,999",Hyderabad,Yes,Low,ghall@example.com
C0067,39,Female,Mary Perez,"100,000+",Bangalore,No,High,omiller@example.com
C0068,82,Male,Barbara Kim,"<25,000",Chennai,No,High,yujohnny@example.com
C0069,52,Male,Laura Jacobson,"25,000-49,999",Bangalore,No,High,josephrichmond@example.org
C0070,60,Male,Kimberly Brown PhD,"100,000+",Hyderabad,Yes,Medium,mrodriguez@example.org
C0071,50,Male,Jeffery Reed,"75,000-99,999",Bangalore,Yes,High,ubennett@example.org
C0072,55,Female,Joseph Gallagher,"75,000-99,999",Chennai,No,Low,abigaildavies@example.org
C0073,23,Female,Megan Wood,"<25,000",Bangalore,Yes,Medium,troy50@example.org
C0074,36,Male,Elizabeth Williams,"<25,000",Mumbai,No,High,jacksonwesley@example.org
C0075,66,Male,Brittany Phillips,"100,000+",Mumbai,Yes,Low,crystalberg@example.org
C0076,77,Male,Jean Adams,"75,000-99,999",Hyderabad,Yes,Medium,vcruz@example.net
C0077,61,Male,Anthony Watson,"50,000-74,999",Bangalore,No,Low,corey84@example.net
C0078,72,Male,Michael Conner,"<25,000",Bangalore,No,Medium,wrightheather@example.net
C0079,40,Female,Christopher Stevens,"50,000-74,999",Hyderabad,Yes,Low,ashley87@example.org
C0080,48,Female,Megan Garcia,"50,000-74,999",Chennai,Yes,Medium,xyu@example.net
C0081,80,Male,Shawn Woods,"75,000-99,999",Chennai,No,High,weaveralexander@example.org
C0082,41,Male,Yolanda Thomas,"75,000-99,999",Mumbai,No,Medium,ronald69@example.com
C0083,22,Female,Victoria Hayes,"75,000-99,999",Bangalore,No,Medium,myerslaura@example.com
C0084,57,Male,David Murphy,"75,000-99,999",Delhi,Yes,High,sarahblanchard@example.com
C0085,33,Female,Jeffrey Gutierrez,"25,000-49,999",Bangalore,No,Medium,rogersalex@example.org
C0086,53,Female,Alison Bennett MD,"<25,000",Bangalore,Yes,Medium,reevesamy@example.com
C0087,64,Male,Lisa Thompson,"50,000-74,999",Mumbai,No,Medium,angela47@example.com
C0088,63,Female,Andrew Smith,"25,000-49,999",Hyderabad,Yes,Low,angelawinters@example.com
C0089,53,Male,Zachary Soto,"100,000+",Chennai,No,Low,laura97@example.com
C0090,71,Male,Rebecca Gonzalez,"50,000-74,999",Hyderabad,No,Medium,christensencory@example.org
C0091,69,Male,Alexa Hutchinson,"25,000-49,999",Mumbai,Yes,High,qwhite@example.net
C0092,32,Male,Gloria Hill MD,"25,000-49,999",Bangalore,Yes,High,sperkins@example.net
C0093,84,Female,Christopher Morse,"<25,000",Chennai,Yes,Low,cynthia85@example.net
C0094,60,Female,Jennifer Blair,"75,000-99,999",Bangalore,No,High,troy12@example.net
C0095,59,Male,Holly Mills,"100,000+",Delhi,No,Medium,ujones@example.net
C0096,53,Male,Andrew Kent,"50,000-74,999",Bangalore,No,Low,cathywalters@example.net
C0097,73,Female,Mason Briggs,"25,000-49,999",Chennai,No,High,michael96@example.org
C0098,37,Female,Jeanette Valentine,"75,000-99,999",Mumbai,No,Low,carolking@example.com
C0099,65,Female,Raymond Hodges,"50,000-74,999",Chennai,Yes,High,cristian59@example.net
C00100,64,Female,Brian Ramirez,"25,000-49,999",Bangalore,No,High,ohaley@example.net
C00101,76,Female,Mr. Paul Cobb,"<25,000",Delhi,Yes,Low,ryan68@example.com
C00102,30,Female,Shannon Howard,"<25,000",Chennai,Yes,High,fischersydney@example.com
C00103,25,Female,Daisy Warner,"<25,000",Delhi,Yes,High,richardholloway@example.com
C00104,55,Male,Roberta Brown,"100,000+",Chennai,Yes,High,desiree09@example.org
C00105,48,Male,Stacy Ross,"25,000-49,999",Hyderabad,No,High,ryan88@example.net
C00106,77,Male,David Ali,"<25,000",Hyderabad,Yes,Low,nicole56@example.net
C00107,31,Female,Jennifer Miller,"100,000+",Delhi,No,Medium,hallroger@example.com
C00108,55,Male,Arthur Higgins,"75,000-99,999",Bangalore,Yes,Medium,hthompson@example.net
C00109,46,Female,Colleen Colon,"<25,000",Chennai,No,Low,morriscassandra@example.net
C00110,68,Female,Cory Harris,"75,000-99,999",Bangalore,Yes,Medium,aaronobrien@example.net
C00111,37,Female,Suzanne Davis,"75,000-99,999",Mumbai,No,Medium,jason47@example.org
C00112,35,Male,Paul Barker,"100,000+",Bangalore,No,Medium,mroth@example.org
C00113,45,Male,Miranda Hoover,"<25,000",Hyderabad,Yes,High,cindyreeves@example.net
C00114,83,Female,Nathaniel Poole,"100,000+",Chennai,Yes,High,erin75@example.net
C00115,30,Female,Mary Murphy,"50,000-74,999",Hyderabad,No,Medium,nnicholson@example.com
C00116,48,Female,Cynthia Garcia,"25,000-49,999",Mumbai,No,High,sheenataylor@example.net
C00117,54,Male,Rhonda Jones,"100,000+",Delhi,Yes,Low,richard58@example.org
C00118,31,Female,Samuel Durham,"100,000+",Hyderabad,No,Medium,irussell@example.org
C00119,76,Male,Kim Townsend,"100,000+",Mumbai,No,Medium,crosbysarah@example.net
C00120,26,Male,Christina Wall,"<25,000",Bangalore,Yes,Low,mark79@example.com
C00121,51,Male,Heather Potter,"25,000-49,999",Chennai,Yes,High,cfischer@example.org
C00122,21,Female,Melvin Walters,"25,000-49,999",Chennai,Yes,Low,zfleming@example.com
C00123,70,Female,Jared Shaw,"25,000-49,999",Mumbai,No,Low,ricefernando@example.net
C00124,57,Male,Taylor Yu,"25,000-49,999",Chennai,No,Low,qmorris@example.com
C00125,24,Male,Carlos Carlson,"50,000-74,999",Chennai,No,Low,zcollins@example.net
C00126,49,Female,Brian Dean,"25,000-49,999",Bangalore,No,High,patricia87@example.com
C00127,83,Male,Kathy Baxter,"100,000+",Mumbai,No,Low,katiemoreno@example.net
C00128,66,Male,Mrs. Emily Reed,"50,000-74,999",Delhi,No,Medium,jessetran@example.net
C00129,84,Female,Brian Holt,"100,000+",Chennai,No,Low,powellgregory@example.org
C00130,41,Male,Charles Lara,"50,000-74,999",Delhi,Yes,High,lgibbs@example.net
C00131,50,Male,Virginia Walker,"<25,000",Chennai,No,Low,timothygilbert@example.net
C00132,84,Female,Cynthia Sanders,"25,000-49,999",Hyderabad,Yes,Low,briannaadams@example.com
C00133,64,Male,Miranda Gonzalez,"75,000-99,999",Mumbai,No,Medium,zacharymiller@example.org
C00134,22,Male,Kaitlyn Moreno,"75,000-99,999",Mumbai,No,Low,bethany20@example.net
C00135,76,Female,Brian Rasmussen,"<25,000",Bangalore,No,High,taylorbradshaw@example.org
C00136,68,Female,Cassandra Jimenez,"75,000-99,999",Hyderabad,No,High,cheryl77@example.com
C00137,65,Male,Andre Lewis,"100,000+",Chennai,Yes,Low,christinefuller@example.net
C00138,24,Female,John Osborn,"75,000-99,999",Bangalore,No,High,brian08@example.org
C00139,72,Male,Angel Smith,"25,000-49,999",Delhi,Yes,Medium,reederic@example.net
C00140,62,Female,Terry Little,"50,000-74,999",Chennai,No,High,amontoya@example.org
C00141,41,Female,Brandon Oneal,"100,000+",Mumbai,Yes,Medium,melvin58@example.net
C00142,82,Male,Michael Smith,"25,000-49,999",Bangalore,Yes,High,masseyrodney@example.org
C00143,43,Male,Kenneth Rodriguez,"25,000-49,999",Hyderabad,Yes,High,bucksara@example.org
C00144,61,Female,Kayla Matthews,"50,000-74,999",Mumbai,No,High,susan31@example.org
C00145,54,Female,Gina Smith,"75,000-99,999",Hyderabad,Yes,High,janetalvarez@example.net
C00146,22,Male,Mr. Joseph Terry,"50,000-74,999",Mumbai,No,High,aperez@example.com
C00147,48,Male,Nancy Rojas,"75,000-99,999",Chennai,Yes,Medium,briancarroll@example.net
C00148,46,Male,Tina Green,"50,000-74,999",Delhi,Yes,Low,tracijackson@example.com
C00149,70,Female,David Baker,"25,000-49,999",Hyderabad,Yes,Low,ounderwood@example.com
C00150,30,Male,David Cannon,"25,000-49,999",Hyderabad,Yes,High,castilloangelica@example.com
C00151,24,Female,Susan Preston,"75,000-99,999",Delhi,Yes,High,donna06@example.net
C00152,23,Female,Anne White,"25,000-49,999",Bangalore,Yes,Low,dylan16@example.com
C00153,39,Male,Daniel Gentry,"50,000-74,999",Bangalore,Yes,High,cmoore@example.com
C00154,78,Female,Allen Holden,"<25,000",Mumbai,Yes,High,peggyrivera@example.net
C00155,36,Male,Andrew Roberts,"50,000-74,999",Hyderabad,No,Medium,kevinwelch@example.com
C00156,40,Male,Jeffrey Fisher,"100,000+",Bangalore,No,Low,robertgarrett@example.org
C00157,61,Male,Jenna Orozco,"100,000+",Chennai,Yes,High,xhenry@example.net
C00158,57,Female,Donna Ross,"<25,000",Hyderabad,Yes,Low,schmidtbrianna@example.org
C00159,70,Female,Jeffrey Johnson,"100,000+",Chennai,No,High,mcclainkrystal@example.com
C00160,29,Male,Arthur Sutton,"25,000-49,999",Chennai,No,Medium,peter39@example.com
C00161,53,Female,Brandon Rodriguez,"50,000-74,999",Mumbai,No,Low,petersonbrian@example.com
C00162,74,Female,Rachel Rose,"100,000+",Bangalore,Yes,Medium,mark30@example.net
C00163,49,Male,Tammy Johnson,"25,000-49,999",Chennai,Yes,Medium,thomasmartin@example.com
C00164,69,Male,Nathan Rowe,"50,000-74,999",Bangalore,Yes,High,ibailey@example.net
C00165,70,Male,Arthur Jackson,"50,000-74,999",Mumbai,No,Medium,csmith@example.net
C00166,38,Male,Jeffrey Lewis,"50,000-74,999",Chennai,No,High,brent11@example.org
C00167,28,Female,Richard Marshall,"100,000+",Hyderabad,No,Medium,breynolds@example.org
C00168,81,Male,Angela Soto,"25,000-49,999",Bangalore,Yes,Medium,lanepaula@example.com
C00169,60,Male,Daniel Wallace,"100,000+",Chennai,No,Low,cindygraham@example.com
C00170,23,Male,Matthew Adams,"100,000+",Mumbai,Yes,Medium,jwolfe@example.com
C00171,55,Female,Monica Ramirez,"50,000-74,999",Hyderabad,Yes,High,josephrobert@example.org
C00172,42,Female,Melissa Cortez,"25,000-49,999",Bangalore,No,Low,ggomez@example.com
C00173,25,Male,Whitney Cherry,"25,000-49,999",Bangalore,Yes,Low,rickeywall@example.com
C00174,43,Female,Katie Hensley,"50,000-74,999",Mumbai,No,Medium,qtaylor@example.net
C00175,31,Male,Daniel Taylor,"50,000-74,999",Mumbai,Yes,Medium,michelleserrano@example.org
C00176,44,Female,Christopher Fuentes,"25,000-49,999",Mumbai,No,Medium,lopezjacob@example.net
C00177,28,Male,Patrick Cross,"25,000-49,999",Chennai,Yes,Low,tjohnson@example.net
C00178,80,Male,Teresa Mays,"25,000-49,999",Delhi,Yes,Low,susan73@example.net
C00179,77,Male,Carlos Owens,"50,000-74,999",Bangalore,Yes,Low,michellegross@example.org
C00180,38,Female,Robert Downs,"50,000-74,999",Hyderabad,No,High,richardjohnson@example.net
C00181,27,Male,Julie Campbell,"25,000-49,999",Delhi,Yes,Medium,dustin77@example.net
C00182,79,Male,Emily Tanner,"<25,000",Chennai,Yes,High,grobinson@example.com
C00183,52,Female,Joseph Young,"<25,000",Chennai,Yes,High,sandovaldavid@example.com
C00184,73,Male,Cory Sparks,"<25,000",Delhi,Yes,High,pbutler@example.net
C00185,73,Male,Ann Brown,"<25,000",Bangalore,Yes,Low,aaron97@example.com
C00186,43,Female,Mark Klein,"<25,000",Chennai,Yes,High,adam38@example.net
C00187,78,Female,Richard Meadows,"100,000+",Hyderabad,No,Medium,georgegrant@example.com
C00188,73,Male,Patrick Galvan,"50,000-74,999",Chennai,No,Low,sabrinacameron@example.net
C00189,74,Male,Teresa Holder,"25,000-49,999",Chennai,No,Medium,timothywalls@example.net
C00190,24,Female,Yesenia Bates,"<25,000",Chennai,No,High,sramirez@example.com
C00191,55,Male,Tiffany Garza,"<25,000",Bangalore,Yes,High,kennethwhitaker@example.net
C00192,70,Male,Stephanie Reese,"50,000-74,999",Bangalore,No,Medium,jordanperez@example.net
C00193,75,Female,Patricia Hartman,"25,000-49,999",Hyderabad,No,Medium,lisa49@example.org
C00194,61,Male,Justin Marshall,"50,000-74,999",Mumbai,No,Medium,jeffreyschmitt@example.net
C00195,66,Female,Andrew George,"<25,000",Bangalore,Yes,Medium,omcdaniel@example.net
C00196,71,Male,Brian Garcia,"50,000-74,999",Delhi,Yes,Low,jkerr@example.org
C00197,62,Male,Cody Farrell MD,"25,000-49,999",Mumbai,Yes,High,robert31@example.com
C00198,46,Female,Ashley Robles,"75,000-99,999",Hyderabad,No,Low,williamspatrick@example.org
C00199,75,Male,Cheryl Evans,"25,000-49,999",Bangalore,No,Medium,david67@example.org
C00200,76,Male,Melissa Jones,"<25,000",Delhi,Yes,High,nguzman@example.org
C00201,64,Female,Nancy Irwin,"<25,000",Bangalore,Yes,High,tanya31@example.net
C00202,78,Female,Teresa Pineda,"25,000-49,999",Hyderabad,No,Medium,morenooscar@example.org
C00203,79,Female,Steven Sanders,"75,000-99,999",Bangalore,Yes,Medium,michelle49@example.net
C00204,79,Male,Vickie Perry,"25,000-49,999",Delhi,No,Low,matthew44@example.org
C00205,52,Male,Erin Campbell,"<25,000",Hyderabad,No,Low,wesley26@example.org
C00206,68,Female,Vincent Daniels,"25,000-49,999",Chennai,No,High,howealex@example.com
C00207,35,Male,Joseph Carter,"75,000-99,999",Delhi,Yes,High,phart@example.net
C00208,25,Male,David Castillo,"75,000-99,999",Hyderabad,No,Low,sanchezryan@example.com
C00209,26,Male,Ann Rubio,"50,000-74,999",Mumbai,No,Medium,bhodges@example.org
C00210,69,Male,Karen Sullivan,"75,000-99,999",Delhi,Yes,Medium,beasleyjamie@example.org
C00211,38,Male,Jasmine Walters,"100,000+",Chennai,No,High,dunlappatrick@example.com
C00212,29,Male,George Fox,"25,000-49,999",Hyderabad,Yes,Low,stephenrodgers@example.com
C00213,31,Male,Christina Boyd,"<25,000",Mumbai,No,High,allenroy@example.org
C00214,37,Female,Alexa Hernandez,"25,000-49,999",Delhi,No,Low,christopher98@example.net
C00215,75,Male,Elizabeth Rogers,"25,000-49,999",Hyderabad,Yes,Medium,elizabeth11@example.com
C00216,73,Male,Sarah Harper,"75,000-99,999",Delhi,No,Low,kramertammie@example.org
C00217,51,Male,David Myers,"<25,000",Mumbai,Yes,Low,christopher48@example.com
C00218,22,Male,Sean Cooper,"75,000-99,999",Mumbai,Yes,Medium,rosepeters@example.net
C00219,26,Female,Monique Wilson,"25,000-49,999",Mumbai,No,Low,bobbytaylor@example.net
C00220,77,Female,Shelby Yates,"75,000-99,999",Delhi,No,Low,floresteresa@example.com
C00221,43,Male,Cynthia Mcbride,"50,000-74,999",Mumbai,No,Medium,kristina96@example.com
C00222,49,Female,Sara Weiss,"25,000-49,999",Mumbai,No,Low,bryan02@example.com
C00223,65,Female,Mrs. Lynn Parker DDS,"25,000-49,999",Bangalore,Yes,High,silvaashley@example.net
C00224,82,Female,Stephanie Adams,"100,000+",Bangalore,No,Low,christopherbates@example.org
C00225,49,Male,Kathryn Martinez,"<25,000",Chennai,No,Medium,brian55@example.org
C00226,51,Male,Nancy Gibson,"75,000-99,999",Bangalore,Yes,Low,thompsonjacqueline@example.com
C00227,65,Male,Andrea Vargas,"<25,000",Bangalore,Yes,Low,bryce95@example.net
C00228,80,Male,Michael Ramirez,"75,000-99,999",Chennai,Yes,Medium,matthew30@example.net
C00229,31,Male,Amy Townsend,"50,000-74,999",Mumbai,Yes,Medium,amythompson@example.net
C00230,43,Female,Nicholas Smith,"100,000+",Delhi,No,Medium,sbrown@example.net
C00231,37,Male,Ashley Marsh,"50,000-74,999",Mumbai,No,Medium,karendavis@example.net
C00232,52,Female,Rachel Coleman,"100,000+",Chennai,No,High,kylevincent@example.net
C00233,52,Male,James Ruiz,"25,000-49,999",Chennai,No,Low,nicholas34@example.com
C00234,34,Male,Larry Wood,"100,000+",Mumbai,No,High,lori34@example.net
C00235,28,Male,Emily Buckley,"25,000-49,999",Bangalore,No,Low,eric50@example.net
C00236,61,Male,Shannon Davila,"25,000-49,999",Hyderabad,No,Medium,psmith@example.net
C00237,35,Female,Kelly Monroe,"100,000+",Mumbai,No,High,rebeccakline@example.org
C00238,39,Female,Ryan Jones,"<25,000",Chennai,Yes,Medium,acevedodarrell@example.net
C00239,54,Male,Mark Morgan,"100,000+",Hyderabad,No,Low,christopherthompson@example.com
C00240,65,Male,Kimberly Goodman,"<25,000",Mumbai,Yes,Low,kendrarose@example.org
C00241,35,Male,Hayley Collins,"<25,000",Mumbai,Yes,High,thomasreid@example.org
C00242,48,Female,Devin Ford,"75,000-99,999",Mumbai,No,Medium,krystal91@example.org
C00243,70,Male,Kelly Woods,"50,000-74,999",Mumbai,No,High,eric87@example.org
C00244,81,Female,Jessica Martinez,"25,000-49,999",Delhi,Yes,Low,jwarner@example.com
C00245,25,Male,Keith Dyer,"100,000+",Chennai,Yes,Medium,juarezdanielle@example.com
C00246,56,Female,Nancy Zamora MD,"25,000-49,999",Delhi,No,Low,jacqueline41@example.net
C00247,58,Male,Kristine Bond,"100,000+",Chennai,No,High,lisamiller@example.com
C00248,41,Male,April King,"100,000+",Chennai,Yes,Low,nicholas19@example.com
C00249,56,Female,Hayden Pierce,"100,000+",Hyderabad,Yes,Low,noah93@example.org
C00250,68,Male,Sergio Wade,"100,000+",Bangalore,Yes,Medium,zpayne@example.org
C00251,84,Female,Donna Pineda,"25,000-49,999",Hyderabad,No,Medium,apearson@example.net
C00252,76,Male,Andrew Warren,"75,000-99,999",Chennai,Yes,High,robertakoch@example.com
C00253,30,Female,Kelsey James,"<25,000",Chennai,No,Low,laurenthomas@example.com
C00254,76,Male,Andrea Webb,"<25,000",Delhi,No,Medium,tony64@example.com
C00255,22,Male,Darlene Hoover,"<25,000",Delhi,No,High,markmorales@example.org
C00256,46,Male,Christian Hayes,"50,000-74,999",Chennai,Yes,High,wattswhitney@example.org
C00257,46,Female,Mr. Jeffrey Butler,"<25,000",Bangalore,No,High,meganle@example.net
C00258,24,Male,Brett Shaw,"100,000+",Bangalore,Yes,Low,melissa99@example.net
C00259,30,Male,Ralph Woods,"<25,000",Mumbai,Yes,Low,corey08@example.net
C00260,32,Female,Connor Evans,"25,000-49,999",Hyderabad,No,High,cparks@example.com
C00261,79,Male,Patricia Miller,"100,000+",Chennai,Yes,Low,shane37@example.com
C00262,34,Female,Kenneth Byrd,"25,000-49,999",Hyderabad,Yes,Low,loriperkins@example.org
C00263,24,Male,Theresa Sharp,"50,000-74,999",Chennai,No,High,rmedina@example.net
C00264,25,Female,Kevin Long,"<25,000",Mumbai,No,Medium,amy68@example.com
C00265,80,Male,John Smith,"<25,000",Hyderabad,No,High,ntaylor@example.net
C00266,24,Female,Danielle Simmons,"<25,000",Mumbai,No,Low,williamsmark@example.org
C00267,82,Female,Teresa Yu,"50,000-74,999",Mumbai,No,Medium,toddmorris@example.com
C00268,76,Female,Angela Franklin,"75,000-99,999",Hyderabad,No,High,curtishunt@example.net
C00269,56,Male,Harry Hunter,"75,000-99,999",Chennai,No,High,candice84@example.org
C00270,36,Female,Matthew Brown,"25,000-49,999",Mumbai,Yes,Low,meadowsalicia@example.org
C00271,57,Female,David Mullen,"<25,000",Delhi,Yes,High,devin41@example.net
C00272,73,Male,Emily Booth,"75,000-99,999",Chennai,Yes,High,wlopez@example.com
C00273,77,Female,Patricia Brady,"100,000+",Hyderabad,Yes,High,deborah84@example.net
C00274,78,Female,Victoria Rios,"25,000-49,999",Bangalore,No,Low,amber33@example.net
C00275,71,Male,Rebecca Ortiz,"75,000-99,999",Chennai,No,Medium,ryanlittle@example.com
C00276,26,Male,Alexis Jones,"50,000-74,999",Chennai,Yes,Medium,qford@example.org
C00277,28,Male,Jacqueline Walker,"50,000-74,999",Chennai,No,Medium,wsmith@example.org
C00278,44,Female,Dakota Taylor,"75,000-99,999",Bangalore,No,Medium,breweralyssa@example.net
C00279,71,Female,Michael Martin,"<25,000",Mumbai,Yes,Medium,vprice@example.com
C00280,26,Female,Elaine Wong,"75,000-99,999",Hyderabad,No,Low,wagnersarah@example.com
C00281,24,Male,Seth Jones,"25,000-49,999",Delhi,Yes,Medium,rubenparker@example.org
C00282,35,Male,Debra Sharp,"75,000-99,999",Chennai,No,High,robertsonmichelle@example.net
C00283,58,Female,Jade Rodriguez,"75,000-99,999",Bangalore,Yes,Medium,nathanburke@example.org
C00284,21,Female,Megan Carpenter,"25,000-49,999",Chennai,No,High,danny38@example.com
C00285,22,Male,Devin Clark,"50,000-74,999",Delhi,Yes,Medium,wilsonfranklin@example.net
C00286,50,Female,Tara Cruz,"50,000-74,999",Mumbai,No,Low,brittanyatkins@example.org
C00287,59,Female,David Sanchez,"<25,000",Bangalore,No,Low,ibrown@example.com
C00288,74,Male,Philip Chavez,"25,000-49,999",Chennai,No,High,brian84@example.org
C00289,82,Female,Kimberly Kelley,"50,000-74,999",Hyderabad,Yes,Medium,andersonchristian@example.net
C00290,39,Female,Connie Rodriguez,"50,000-74,999",Bangalore,No,Low,ashley00@example.org
C00291,75,Male,Richard Sims,"<25,000",Mumbai,No,Low,qwilson@example.net
C00292,65,Female,Chris Johnson,"50,000-74,999",Chennai,No,High,gibsondavid@example.org
C00293,76,Female,Thomas White,"<25,000",Mumbai,No,Medium,gibsonnicole@example.net
C00294,42,Female,Nathan Porter,"25,000-49,999",Mumbai,No,Low,jessicabenton@example.com
C00295,76,Male,Catherine Knox,"50,000-74,999",Delhi,Yes,Low,smithmegan@example.net
C00296,48,Female,Shirley Williams,"<25,000",Mumbai,Yes,Low,barroncindy@example.org
C00297,84,Female,Shane Everett,"75,000-99,999",Chennai,Yes,Medium,batesangela@example.net
C00298,65,Female,Elizabeth Phillips,"<25,000",Bangalore,No,Medium,robert24@example.org
C00299,66,Male,Christine Berry,"75,000-99,999",Bangalore,Yes,Medium,gordoncesar@example.net
C00300,55,Female,Ryan Smith,"100,000+",Mumbai,Yes,Medium,parnold@example.com
C00301,64,Female,Dana Fuentes,"<25,000",Hyderabad,No,Medium,trevor62@example.org
C00302,31,Female,Kristi Foster,"25,000-49,999",Mumbai,No,Low,dustinparker@example.com
C00303,76,Female,Cheryl Ibarra,"75,000-99,999",Delhi,Yes,High,courtney72@example.net
C00304,27,Male,Donald Roth,"50,000-74,999",Hyderabad,Yes,Medium,palmerjoseph@example.org
C00305,71,Male,Christopher Miller,"25,000-49,999",Delhi,Yes,High,thomas91@example.com
C00306,59,Female,Kelly Johnson,"<25,000",Delhi,Yes,Low,desireeowen@example.com
C00307,70,Female,Beth Hubbard,"75,000-99,999",Bangalore,Yes,High,penny59@example.org
C00308,43,Male,Brandon Baldwin,"100,000+",Hyderabad,No,Medium,kimwebster@example.com
C00309,79,Male,James Mclaughlin,"100,000+",Bangalore,Yes,Low,jonathan96@example.org
C00310,70,Female,Tyler Davis,"100,000+",Chennai,Yes,High,fshelton@example.net
C00311,25,Female,Christopher Gomez,"<25,000",Mumbai,No,High,murrayrichard@example.net
C00312,71,Male,Tracy Willis,"75,000-99,999",Mumbai,No,Low,zmoore@example.net
C00313,42,Male,Kyle Johnson,"<25,000",Delhi,Yes,High,thomasmelissa@example.net
C00314,60,Female,Emily Lynch,"25,000-49,999",Mumbai,No,High,millsmeghan@example.org
C00315,62,Male,Shannon Tucker,"<25,000",Mumbai,No,Low,shannoncampbell@example.net
C00316,71,Female,Debra Long,"75,000-99,999",Delhi,No,Low,dianemeza@example.org
C00317,53,Male,Christopher Yang,"100,000+",Hyderabad,Yes,High,hillshane@example.net
C00318,57,Female,Robert Martin,"75,000-99,999",Delhi,No,High,joyce78@example.net
C00319,71,Female,Charles Fernandez,"25,000-49,999",Mumbai,No,High,jason66@example.com
C00320,37,Male,Melvin Lee,"25,000-49,999",Mumbai,Yes,Low,lawsonjeffrey@example.net
C00321,57,Male,Jamie Roach,"75,000-99,999",Hyderabad,Yes,Medium,bateschase@example.net
C00322,42,Male,Matthew Newman,"75,000-99,999",Mumbai,Yes,High,xbarnes@example.com
C00323,81,Female,Jackson Ryan,"100,000+",Chennai,Yes,Low,jessemurphy@example.com
C00324,54,Female,Melissa Estrada,"50,000-74,999",Bangalore,Yes,Medium,tina13@example.org
C00325,48,Male,Mark Cain,"50,000-74,999",Delhi,No,Low,martincharlotte@example.org
C00326,59,Male,Michelle Bowers,"25,000-49,999",Chennai,Yes,Medium,wstephenson@example.com
C00327,55,Female,Elijah Ross,"75,000-99,999",Delhi,No,High,kimdiane@example.net
C00328,47,Female,Diana Russell,"50,000-74,999",Bangalore,No,High,tyler89@example.org
C00329,36,Female,Edward Collins,"<25,000",Bangalore,Yes,High,kevin57@example.org
C00330,67,Female,Tracey Castillo,"50,000-74,999",Bangalore,Yes,Low,john21@example.net
C00331,83,Male,Brian Trevino,"<25,000",Mumbai,Yes,High,gcaldwell@example.org
C00332,34,Male,David Figueroa,"25,000-49,999",Chennai,No,High,melissa71@example.com
C00333,79,Female,Michael Morgan,"75,000-99,999",Hyderabad,No,Medium,lauralee@example.org
C00334,72,Female,Zachary Vargas,"25,000-49,999",Hyderabad,No,Medium,kylestephenson@example.org
C00335,48,Female,Robert White,"75,000-99,999",Mumbai,Yes,High,ywalker@example.net
C00336,57,Female,Jessica Bennett,"25,000-49,999",Bangalore,No,High,pmcgrath@example.org
C00337,50,Female,Tiffany Jordan,"100,000+",Chennai,No,High,grace40@example.net
C00338,70,Male,Tonya Graves,"25,000-49,999",Bangalore,Yes,Low,estradadanny@example.com
C00339,67,Female,Jose White,"100,000+",Bangalore,Yes,Medium,emilyhoward@example.com
C00340,64,Female,Stephanie Charles,"25,000-49,999",Mumbai,No,High,waustin@example.org
C00341,62,Female,Michael Hobbs,"75,000-99,999",Delhi,No,Medium,wrightdaniel@example.org
C00342,26,Female,Brandon Ramos,"<25,000",Chennai,Yes,High,kathrynelliott@example.org
C00343,48,Male,Samuel Bowers,"75,000-99,999",Mumbai,No,Low,qlopez@example.net
C00344,84,Female,Timothy Jacobs,"50,000-74,999",Hyderabad,No,Low,mccannjason@example.org
C00345,51,Male,Heather Johnson,"100,000+",Delhi,Yes,Low,psherman@example.net
C00346,77,Male,Penny Cunningham DDS,"50,000-74,999",Bangalore,No,Low,john57@example.org
C00347,59,Female,Brandon Lutz,"100,000+",Hyderabad,No,Medium,yrussell@example.net
C00348,61,Female,Nicole Lee,"100,000+",Delhi,No,High,michael76@example.net
C00349,82,Female,Emily Pope,"25,000-49,999",Mumbai,Yes,High,franklinrichard@example.com
C00350,72,Male,Ralph Grant,"50,000-74,999",Hyderabad,Yes,Low,carlos66@example.org
C00351,31,Female,Gina Calderon,"25,000-49,999",Mumbai,Yes,High,wilsonstephen@example.com
C00352,54,Female,Edward Grant,"75,000-99,999",Bangalore,No,Medium,mmorales@example.com
C00353,37,Female,Christine Garcia,"100,000+",Hyderabad,No,High,elizabeth68@example.org
C00354,60,Female,Francisco Cummings,"50,000-74,999",Chennai,No,High,lprice@example.net
C00355,25,Female,Scott Gibbs,"100,000+",Hyderabad,No,Medium,rnorton@example.net
C00356,39,Male,Calvin Doyle,"75,000-99,999",Hyderabad,Yes,High,williamwillis@example.org
C00357,51,Female,Katelyn Wood,"<25,000",Hyderabad,Yes,Medium,hoffmanmichelle@example.net
C00358,61,Male,Holly Brown,"100,000+",Mumbai,Yes,High,karen61@example.org
C00359,59,Male,Charles Rogers,"100,000+",Mumbai,Yes,Medium,meganbecker@example.com
C00360,43,Male,Amber Shepard,"<25,000",Bangalore,No,Medium,dmullins@example.org
C00361,75,Female,Jessica Buckley,"100,000+",Bangalore,Yes,High,amanda66@example.org
C00362,23,Male,Ralph Delgado,"<25,000",Hyderabad,Yes,High,garciapaul@example.net
C00363,51,Male,Stacy Wells,"75,000-99,999",Mumbai,No,Medium,alfredmay@example.org
C00364,43,Male,Michael Bryant,"25,000-49,999",Hyderabad,Yes,Medium,garciamonica@example.org
C00365,81,Female,Diane Levine,"75,000-99,999",Mumbai,No,High,hilldavid@example.net
C00366,64,Male,Theresa Gill,"50,000-74,999",Hyderabad,Yes,High,hbrown@example.com
C00367,36,Male,Jennifer Oneal,"75,000-99,999",Bangalore,Yes,Low,cooperdeanna@example.net
C00368,23,Male,Margaret Rose,"25,000-49,999",Bangalore,No,High,christophersims@example.com
C00369,21,Male,Denise Thompson,"75,000-99,999",Mumbai,Yes,High,zacharywilliams@example.org
C00370,50,Female,Rachel French,"25,000-49,999",Delhi,No,High,nicolejones@example.org
C00371,45,Female,Henry Smith,"<25,000",Hyderabad,No,High,david72@example.org
C00372,47,Female,Jacob Gomez,"75,000-99,999",Chennai,No,High,walkerrobert@example.com
C00373,26,Female,Alyssa Sims,"<25,000",Delhi,Yes,High,roseandrew@example.org
C00374,49,Female,Jason Anderson,"75,000-99,999",Mumbai,No,Low,elizabethcasey@example.net
C00375,51,Male,Bryan Moreno,"25,000-49,999",Bangalore,No,Medium,russelljonathan@example.net
C00376,26,Female,Andrew Marsh,"50,000-74,999",Mumbai,No,Low,evanspatricia@example.com
C00377,49,Male,Tonya Hoover,"25,000-49,999",Chennai,Yes,High,david51@example.org
C00378,81,Female,Jonathan Meadows,"25,000-49,999",Mumbai,No,Medium,tmoody@example.net
C00379,35,Male,Cynthia Roman,"25,000-49,999",Delhi,Yes,Medium,harveybrandon@example.net
C00380,50,Male,Diane Gaines,"<25,000",Delhi,Yes,Low,glasscharlotte@example.net
C00381,40,Female,Emma Cook,"75,000-99,999",Mumbai,Yes,Low,ryankatelyn@example.com
C00382,47,Male,Jeffrey Ward,"25,000-49,999",Hyderabad,No,High,ptrujillo@example.net
C00383,64,Male,Tammy Johnson,"75,000-99,999",Hyderabad,No,Medium,tiffany03@example.com
C00384,30,Female,Isaac Huber,"25,000-49,999",Bangalore,No,Medium,harrisjohnathan@example.org
C00385,57,Female,Joshua Jacobs,"25,000-49,999",Delhi,No,Low,stephaniestein@example.com
C00386,65,Female,Angela Day,"75,000-99,999",Delhi,Yes,Medium,carrillocharles@example.net
C00387,81,Female,Donald Nguyen,"100,000+",Delhi,Yes,High,stephaniebright@example.com
C00388,76,Female,Miss Amber Rasmussen,"<25,000",Hyderabad,No,High,usheppard@example.net
C00389,63,Female,Cory Phillips,"<25,000",Delhi,No,Medium,jessica00@example.com
C00390,65,Male,Regina Cook,"75,000-99,999",Mumbai,Yes,High,ricejacob@example.net
C00391,34,Male,Carolyn Schneider,"75,000-99,999",Mumbai,No,Medium,jeffrey27@example.org
C00392,57,Female,Bonnie Stevens,"50,000-74,999",Bangalore,Yes,Medium,adamjones@example.com
C00393,71,Male,Jennifer Parks,"<25,000",Mumbai,Yes,Low,eprice@example.com
C00394,84,Female,Ryan Nelson,"25,000-49,999",Bangalore,No,High,jeffrey93@example.org
C00395,43,Male,Michelle Baxter,"100,000+",Bangalore,No,High,njohnson@example.org
C00396,76,Male,William Mercado,"100,000+",Chennai,Yes,Medium,hammondcarol@example.net
C00397,55,Male,Brandon Martinez,"<25,000",Bangalore,No,High,tsmith@example.net
C00398,35,Male,Logan Snyder,"50,000-74,999",Bangalore,No,Medium,christiewolfe@example.net
C00399,56,Female,Julian Griffin,"<25,000",Hyderabad,Yes,Low,harrisonjoyce@example.net
C00400,65,Male,Lisa George,"100,000+",Mumbai,Yes,High,gatespriscilla@example.com
C00401,51,Female,Tyler Hurst,"25,000-49,999",Mumbai,No,Low,mckeerebecca@example.org
C00402,64,Male,Rhonda Mcdonald,"50,000-74,999",Chennai,Yes,High,jacquelinenichols@example.net
C00403,57,Male,Cheryl Murray,"25,000-49,999",Hyderabad,No,Low,brittanywise@example.net
C00404,64,Male,Stacey Tran,"<25,000",Mumbai,Yes,Low,bishoprobert@example.org
C00405,48,Female,Melissa Matthews,"75,000-99,999",Mumbai,Yes,Medium,mary76@example.com
C00406,76,Male,Jay Osborne,"50,000-74,999",Mumbai,Yes,High,derek18@example.net
C00407,30,Female,Jake Stuart DDS,"75,000-99,999",Delhi,Yes,Low,epotter@example.com
C00408,77,Male,Steven Williamson,"<25,000",Bangalore,Yes,High,taylorwilliam@example.net
C00409,41,Female,Amy Martin,"25,000-49,999",Mumbai,No,Low,christopherbryant@example.net
C00410,53,Female,William Williamson,"<25,000",Bangalore,No,High,crystalowens@example.net
C00411,77,Male,Jessica Choi,"100,000+",Mumbai,Yes,High,amacias@example.com
C00412,35,Male,Victor Saunders,"75,000-99,999",Delhi,Yes,High,websterdaniel@example.net
C00413,29,Male,Betty Bradley,"100,000+",Hyderabad,No,High,brichardson@example.net
C00414,29,Male,Eric Hardy,"50,000-74,999",Hyderabad,Yes,Low,sflores@example.org
C00415,71,Male,Logan Cook,"100,000+",Mumbai,No,Medium,sharon30@example.org
C00416,55,Male,Daniel Weaver,"50,000-74,999",Delhi,No,High,scott22@example.com
C00417,21,Male,Alexandria Weaver,"75,000-99,999",Chennai,Yes,Medium,guzmanmark@example.com
C00418,76,Female,Alison Golden,"75,000-99,999",Bangalore,No,Medium,larsennicholas@example.net
C00419,40,Male,Tracie Barron,"<25,000",Mumbai,No,Medium,thomas38@example.com
C00420,53,Female,Connor Arellano,"25,000-49,999",Mumbai,Yes,Medium,natashaarnold@example.com
C00421,46,Female,Brittany Patterson,"50,000-74,999",Mumbai,Yes,Low,elizabethford@example.org
C00422,52,Female,Patricia Owens,"75,000-99,999",Mumbai,Yes,Low,john22@example.org
C00423,52,Female,Shannon Cox,"<25,000",Chennai,Yes,High,parksstephen@example.net
C00424,79,Male,Chad Vincent,"<25,000",Hyderabad,Yes,Medium,martinezrobert@example.org
C00425,50,Male,Emily Adams,"<25,000",Hyderabad,Yes,Medium,mmorales@example.net
C00426,61,Male,Wendy Wells,"50,000-74,999",Hyderabad,Yes,Medium,xburgess@example.net
C00427,79,Female,Brian Fox,"100,000+",Bangalore,Yes,High,juliedaniels@example.com
C00428,47,Female,Morgan Barnes,"50,000-74,999",Bangalore,No,Low,juanbentley@example.com
C00429,59,Female,Dana Griffin,"50,000-74,999",Chennai,Yes,Medium,smithrobert@example.net
C00430,55,Female,Michael Wood,"50,000-74,999",Delhi,No,High,schultzadam@example.org
C00431,84,Female,Aaron Rodriguez,"25,000-49,999",Hyderabad,Yes,Low,patricia05@example.org
C00432,33,Male,Lauren Burns DDS,"<25,000",Mumbai,Yes,Low,amanda25@example.org
C00433,70,Male,Sean Diaz,"50,000-74,999",Mumbai,Yes,Medium,cgibson@example.net
C00434,32,Female,Madison Bridges,"75,000-99,999",Hyderabad,No,High,cpeck@example.net
C00435,47,Female,Megan Orozco,"<25,000",Delhi,No,Medium,tammy69@example.net
C00436,29,Female,Erin Boyd,"<25,000",Hyderabad,No,High,jamesgordon@example.net
C00437,72,Female,Sherry Moore,"<25,000",Mumbai,No,Medium,jgaines@example.net
C00438,22,Female,Anthony Scott,"<25,000",Hyderabad,No,High,dacosta@example.com
C00439,72,Female,Michelle Crawford,"50,000-74,999",Hyderabad,Yes,High,dmunoz@example.org
C00440,61,Male,Danny Pope,"50,000-74,999",Mumbai,Yes,Low,yatesrose@example.org
C00441,35,Male,David Gray,"75,000-99,999",Delhi,No,Medium,crawfordstephanie@example.net
C00442,55,Male,Susan Cowan,"<25,000",Chennai,No,High,alexander41@example.com
C00443,29,Male,Michelle Bradley,"<25,000",Chennai,No,Medium,perezjustin@example.org
C00444,62,Male,Taylor Spencer,"50,000-74,999",Hyderabad,Yes,Low,oconnellwayne@example.org
C00445,55,Male,Alicia Hernandez,"25,000-49,999",Mumbai,No,Medium,barnettnoah@example.net
C00446,36,Male,Jennifer Davis,"75,000-99,999",Hyderabad,Yes,Low,eevans@example.org
C00447,75,Female,David Harris,"25,000-49,999",Bangalore,Yes,Medium,qstewart@example.org
C00448,33,Male,Jennifer Watson,"100,000+",Bangalore,Yes,Medium,floreswilliam@example.net
C00449,51,Male,Lisa Jackson,"100,000+",Mumbai,Yes,High,omeyer@example.net
C00450,45,Female,Theresa Taylor,"<25,000",Mumbai,No,High,carol96@example.org
C00451,70,Male,Thomas Jones,"50,000-74,999",Chennai,Yes,Low,uhernandez@example.net
C00452,53,Female,Heather Murray,"75,000-99,999",Bangalore,No,Medium,williamjones@example.net
C00453,47,Male,Dr. Brittany Page DVM,"100,000+",Chennai,No,High,popebrittany@example.org
C00454,25,Female,Christopher Smith,"25,000-49,999",Bangalore,Yes,Low,rodriguezvanessa@example.com
C00455,48,Male,Alexis Mcgee,"<25,000",Mumbai,Yes,High,michaelwaters@example.net
C00456,60,Male,Donald White,"50,000-74,999",Chennai,No,Low,williamsbrianna@example.com
C00457,49,Female,Valerie Garcia,"100,000+",Bangalore,No,High,allen54@example.net
C00458,71,Male,Ashley Anderson,"25,000-49,999",Hyderabad,Yes,High,patelcourtney@example.org
C00459,27,Male,Andrea Acevedo,"75,000-99,999",Bangalore,No,Low,gillandrew@example.com
C00460,25,Male,Stephanie Moss,"25,000-49,999",Hyderabad,No,Medium,sbrown@example.net
C00461,30,Male,Corey Ramirez,"75,000-99,999",Mumbai,No,Medium,andrewsalas@example.com
C00462,21,Female,Vanessa Johnson,"75,000-99,999",Hyderabad,Yes,Medium,wroberts@example.net
C00463,70,Male,William Scott,"50,000-74,999",Bangalore,Yes,Medium,yle@example.net
C00464,75,Male,Susan Marks,"75,000-99,999",Hyderabad,No,High,abaker@example.org
C00465,66,Male,Todd Sanders,"100,000+",Hyderabad,Yes,Medium,melissaochoa@example.net
C00466,40,Female,Jason Alvarez,"100,000+",Mumbai,No,High,eduardoharvey@example.net
C00467,36,Male,Austin Lawrence,"100,000+",Delhi,Yes,Medium,bishopsarah@example.com
C00468,83,Female,Regina Garcia,"75,000-99,999",Chennai,Yes,High,joel24@example.net
C00469,58,Female,Michael Pope,"75,000-99,999",Delhi,Yes,High,stevenvaughn@example.org
C00470,42,Female,Mary Adams,"25,000-49,999",Hyderabad,Yes,Low,heather15@example.com
C00471,44,Female,Sandra Morris,"25,000-49,999",Chennai,No,Low,hgomez@example.com
C00472,81,Female,Paul Anderson,"50,000-74,999",Mumbai,No,Medium,fuenteskeith@example.net
C00473,28,Female,Javier Hendricks,"75,000-99,999",Bangalore,Yes,Low,philipcraig@example.org
C00474,55,Male,Gwendolyn Johnston PhD,"75,000-99,999",Bangalore,Yes,High,tclark@example.org
C00475,80,Male,Brenda Reed,"100,000+",Hyderabad,Yes,High,sgray@example.com
C00476,23,Male,Sarah Rojas,"100,000+",Hyderabad,No,High,krose@example.com
C00477,64,Male,Nicholas Hernandez,"75,000-99,999",Hyderabad,Yes,High,zacharyprice@example.net
C00478,76,Female,Kevin Taylor,"100,000+",Delhi,No,High,kevin60@example.org
C00479,65,Female,Mark Woods,"<25,000",Chennai,Yes,Medium,dstewart@example.com
C00480,74,Female,Zachary Clark,"<25,000",Bangalore,Yes,Low,joel65@example.com
C00481,39,Female,Margaret Mack,"<25,000",Delhi,Yes,High,hilldanny@example.com
C00482,74,Male,Cody Armstrong,"75,000-99,999",Mumbai,Yes,Medium,william70@example.net
C00483,33,Male,Joshua Castaneda,"75,000-99,999",Mumbai,Yes,High,anna47@example.net
C00484,22,Male,Nathan Smith,"50,000-74,999",Hyderabad,Yes,Medium,april61@example.net
C00485,41,Female,Fernando Garcia,"50,000-74,999",Delhi,No,High,april48@example.org
C00486,73,Female,Kyle Walker,"25,000-49,999",Hyderabad,Yes,Low,mariafitzgerald@example.com
C00487,81,Male,Kelly Ellis,"<25,000",Mumbai,No,Medium,nathanmaxwell@example.com
C00488,51,Male,Timothy Wolfe,"75,000-99,999",Delhi,No,High,melissahines@example.com
C00489,81,Male,Hannah Harvey,"25,000-49,999",Mumbai,No,Medium,qthomas@example.net
C00490,39,Female,Levi Gill,"100,000+",Chennai,Yes,High,samanthasmith@example.org
C00491,33,Male,Daisy Garcia,"25,000-49,999",Chennai,No,Medium,brooke12@example.com
C00492,33,Male,Gregg Robertson,"75,000-99,999",Delhi,No,High,bedwards@example.net
C00493,39,Male,Paul Melton,"75,000-99,999",Bangalore,No,High,kimcarlson@example.org
C00494,33,Male,Christopher Deleon,"25,000-49,999",Delhi,No,Medium,ericgonzales@example.org
C00495,23,Female,Debra Wheeler,"<25,000",Bangalore,No,Low,laura68@example.net
C00496,32,Male,Jon Simpson,"25,000-49,999",Delhi,Yes,High,jeremywalker@example.com
C00497,59,Female,Linda Hendricks,"100,000+",Delhi,No,High,woodjulie@example.net
C00498,58,Female,Teresa Flores,"100,000+",Mumbai,Yes,Medium,heathergarcia@example.com
C00499,37,Female,Jason Krueger,"50,000-74,999",Chennai,Yes,Medium,dwise@example.com
C00500,42,Female,Daniel Chen,"50,000-74,999",Chennai,Yes,Low,henry35@example.net
C00501,83,Female,Christopher Goodman,"<25,000",Chennai,No,Low,williamjensen@example.org
C00502,76,Male,Ashley Smith,"<25,000",Mumbai,Yes,Medium,lknox@example.net
C00503,81,Male,Pamela Jones,"<25,000",Bangalore,Yes,Low,mosesvalerie@example.net
C00504,62,Male,Jessica Alvarez,"50,000-74,999",Bangalore,Yes,Low,dallen@example.net
C00505,65,Female,Deanna Miller,"100,000+",Mumbai,No,Medium,qturner@example.org
C00506,33,Male,Charles Snyder,"100,000+",Mumbai,Yes,Low,lawrencedominguez@example.net
C00507,79,Female,Timothy Sims,"50,000-74,999",Hyderabad,No,Low,ugreene@example.net
C00508,72,Female,Katie Williams,"75,000-99,999",Bangalore,Yes,Low,sarahjones@example.org
C00509,26,Male,Craig Morgan,"<25,000",Chennai,Yes,Low,adrian80@example.org
C00510,41,Female,Andrew Nicholson,"50,000-74,999",Delhi,No,High,sarahgutierrez@example.com
C00511,30,Female,Stacy Ramirez,"25,000-49,999",Hyderabad,No,Medium,kathleenchristian@example.com
C00512,71,Male,Stephen Baker,"50,000-74,999",Delhi,Yes,High,brittneygarcia@example.com
C00513,21,Male,Tiffany Flores,"25,000-49,999",Delhi,Yes,High,josebradford@example.org
C00514,84,Male,Paul Meyers,"75,000-99,999",Hyderabad,Yes,Medium,kallen@example.com
C00515,56,Male,Hannah Watson,"100,000+",Hyderabad,Yes,Low,stevenwheeler@example.com
C00516,77,Male,Brandon Barker,"75,000-99,999",Chennai,No,Low,randylucas@example.org
C00517,36,Male,Matthew White,"75,000-99,999",Bangalore,No,Low,gutierreztaylor@example.com
C00518,40,Female,Jeff Santiago MD,"100,000+",Hyderabad,Yes,Medium,patrick46@example.com
C00519,52,Female,Mrs. Kayla Tate,"50,000-74,999",Delhi,No,Low,dsmith@example.com
C00520,33,Female,John Browning,"100,000+",Hyderabad,No,Medium,gramsey@example.com
C00521,25,Female,David Hamilton,"100,000+",Mumbai,Yes,Low,zacharywilliams@example.com
C00522,62,Male,Deborah Rivera,"100,000+",Bangalore,No,Medium,jessica20@example.com
C00523,71,Female,Jennifer Lawrence,"25,000-49,999",Bangalore,Yes,Medium,jeffreywarren@example.org
C00524,46,Male,Craig Smith,"100,000+",Delhi,Yes,Medium,samanthacook@example.net
C00525,31,Female,Nancy Lynch,"50,000-74,999",Hyderabad,Yes,Medium,leonard91@example.net
C00526,24,Female,Melissa Williams,"<25,000",Hyderabad,No,High,richard79@example.org
C00527,36,Female,Robert Nelson,"50,000-74,999",Delhi,Yes,Medium,hthomas@example.org
C00528,84,Female,Nicole Gomez,"50,000-74,999",Mumbai,No,High,michael65@example.com
C00529,49,Female,Seth Sharp,"50,000-74,999",Mumbai,Yes,High,josemiller@example.com
C00530,26,Male,Anna Watts,"75,000-99,999",Hyderabad,Yes,High,michael25@example.org
C00531,45,Female,Scott Cortez,"75,000-99,999",Hyderabad,No,Low,mshaw@example.com
C00532,38,Female,Bonnie Cobb,"100,000+",Mumbai,Yes,Low,estradabrianna@example.com
C00533,57,Male,Brent Willis,"100,000+",Chennai,Yes,High,taylor96@example.org
C00534,48,Male,William Chapman,"<25,000",Chennai,No,Medium,brittany33@example.com
C00535,69,Male,Christine Charles,"25,000-49,999",Hyderabad,Yes,Medium,gonzalezashley@example.org
C00536,58,Male,Jessica Robinson,"25,000-49,999",Delhi,No,Medium,andersonamy@example.org
C00537,24,Male,Cheryl Phillips,"75,000-99,999",Chennai,Yes,Medium,thomasmcpherson@example.org
C00538,72,Male,Dustin Rodriguez,"<25,000",Chennai,Yes,Low,jessica61@example.net
C00539,51,Male,Tina Buchanan,"<25,000",Delhi,No,Medium,janetthomas@example.com
C00540,74,Male,Ashley Nguyen,"25,000-49,999",Delhi,No,Medium,beangabrielle@example.org
C00541,58,Male,John Cooper,"<25,000",Mumbai,No,Medium,vasquezmiranda@example.com
C00542,63,Male,Jennifer Phillips,"50,000-74,999",Delhi,No,Medium,blackashley@example.org
C00543,56,Female,Ruben Preston,"75,000-99,999",Mumbai,Yes,Low,kcarson@example.net
C00544,59,Female,Thomas Keith,"25,000-49,999",Delhi,No,Low,carol15@example.com
C00545,69,Female,Kevin Garcia,"50,000-74,999",Delhi,Yes,Low,max31@example.net
C00546,34,Male,Kelly Miller,"25,000-49,999",Delhi,Yes,Low,greenmelissa@example.net
C00547,22,Female,Jessica English,"<25,000",Chennai,Yes,High,scottperez@example.org
C00548,73,Male,Megan Klein,"75,000-99,999",Hyderabad,No,Medium,christopher05@example.org
C00549,21,Female,Brenda Stanton,"<25,000",Bangalore,No,Medium,kimberlysullivan@example.org
C00550,71,Male,Melissa Vega,"<25,000",Delhi,Yes,Medium,lgibson@example.org
C00551,78,Female,Ryan Murphy,"75,000-99,999",Delhi,No,Low,bowmannicole@example.net
C00552,24,Female,John Murphy,"100,000+",Delhi,Yes,Medium,dhardin@example.org
C00553,84,Female,Juan Yates,"50,000-74,999",Delhi,Yes,Low,tbrown@example.com
C00554,79,Male,Sandra Griffin,"75,000-99,999",Delhi,Yes,High,bowersshawn@example.net
C00555,26,Male,Andrew Dixon,"100,000+",Hyderabad,Yes,Medium,nicholassherman@example.org
C00556,24,Female,Steve Martinez MD,"<25,000",Chennai,No,Low,burkedaniel@example.net
C00557,40,Female,Edward Juarez,"50,000-74,999",Mumbai,No,Low,robertdavenport@example.org
C00558,72,Male,Justin Wiggins,"50,000-74,999",Chennai,Yes,Medium,teresa46@example.org
C00559,44,Female,Stephanie Lee,"25,000-49,999",Mumbai,Yes,Medium,lorihayes@example.com
C00560,62,Male,Kristen Bryant,"50,000-74,999",Chennai,Yes,Medium,smithkara@example.net
C00561,41,Female,Lisa Bishop,"25,000-49,999",Hyderabad,Yes,Medium,staceyhunter@example.org
C00562,49,Female,Robin Hammond,"50,000-74,999",Hyderabad,Yes,Low,jill75@example.com
C00563,61,Female,Tabitha Garrison,"25,000-49,999",Chennai,No,Medium,walkergregory@example.com
C00564,72,Male,Leah Mcdaniel,"100,000+",Bangalore,Yes,High,sue27@example.net
C00565,58,Female,Melissa Medina,"<25,000",Bangalore,No,Medium,jennifer62@example.org
C00566,79,Male,Matthew Blair,"75,000-99,999",Bangalore,No,Low,ngonzalez@example.net
C00567,56,Female,Jane Jones,"100,000+",Mumbai,Yes,High,adamsanthony@example.com
C00568,66,Male,George Wade,"75,000-99,999",Hyderabad,No,Low,sarahweaver@example.com
C00569,59,Female,Robert Rodriguez,"25,000-49,999",Chennai,Yes,Low,danathompson@example.net
C00570,68,Male,Abigail Chaney,"50,000-74,999",Chennai,No,Low,kyle05@example.com
C00571,64,Female,Terry Perez,"25,000-49,999",Mumbai,No,Low,rachel79@example.net
C00572,63,Male,Natasha Powers,"75,000-99,999",Hyderabad,No,Low,bakerjoshua@example.org
C00573,29,Male,Timothy Robertson,"50,000-74,999",Hyderabad,No,Low,christinehernandez@example.org
C00574,47,Female,Gregory Hogan,"25,000-49,999",Bangalore,No,High,ncollins@example.org
C00575,52,Male,Laurie Chandler,"100,000+",Delhi,Yes,Low,betty20@example.com
C00576,67,Female,Robert Trevino,"75,000-99,999",Bangalore,Yes,Low,johnflores@example.net
C00577,61,Female,Matthew Smith,"50,000-74,999",Delhi,Yes,Medium,cunderwood@example.com
C00578,57,Female,Megan Terry,"100,000+",Mumbai,No,Low,leedominic@example.org
C00579,33,Male,Shannon Jenkins,"25,000-49,999",Chennai,No,Medium,rmartin@example.net
C00580,77,Male,Heather Padilla,"100,000+",Bangalore,No,High,kellyflowers@example.net
C00581,54,Male,Erica Rodriguez,"<25,000",Mumbai,No,Low,frostleon@example.net
C00582,22,Female,Casey Davis,"75,000-99,999",Chennai,No,High,mcbridenicole@example.com
C00583,40,Female,Tiffany Harris,"75,000-99,999",Chennai,No,Low,bbrown@example.com
C00584,47,Male,Anthony Baker,"50,000-74,999",Mumbai,No,High,tmartin@example.org
C00585,48,Male,Nathaniel Cortez,"100,000+",Delhi,No,Medium,kathleen74@example.org
C00586,27,Female,Melissa Cole,"75,000-99,999",Delhi,Yes,High,abbottshelby@example.com
C00587,80,Female,Drew Wilson,"75,000-99,999",Bangalore,No,Medium,thopkins@example.net
C00588,21,Female,Tiffany Barnes,"<25,000",Chennai,Yes,Medium,cynthiagates@example.com
C00589,70,Male,Lisa Edwards,"25,000-49,999",Chennai,Yes,Medium,robert34@example.com
C00590,54,Male,Kelly Frost,"75,000-99,999",Chennai,No,Medium,andreawilson@example.org
C00591,59,Female,Casey Bell,"75,000-99,999",Chennai,No,Medium,medinaamy@example.org
C00592,78,Male,David Archer,"<25,000",Bangalore,No,High,yholmes@example.com
C00593,59,Female,Anthony Gonzalez,"25,000-49,999",Delhi,Yes,Medium,phelpskara@example.com
C00594,78,Female,Katherine Walker,"100,000+",Mumbai,No,Low,yvette10@example.org
C00595,41,Male,Gabriel King,"100,000+",Delhi,No,High,bethestrada@example.net
C00596,41,Female,Greg Savage,"50,000-74,999",Chennai,Yes,Low,lphillips@example.org
C00597,34,Female,Sandra Mayer,"<25,000",Hyderabad,Yes,High,bradleylarry@example.net
C00598,45,Male,Richard Colon,"100,000+",Chennai,No,Low,jrobinson@example.org
C00599,63,Male,Michael Simmons,"<25,000",Mumbai,Yes,High,alexandria61@example.org
C00600,70,Female,Andrea Salazar,"100,000+",Mumbai,No,Low,glopez@example.com
C00601,59,Female,Dr. Kurt Young,"50,000-74,999",Mumbai,Yes,Low,amanda77@example.com
C00602,36,Female,Scott Johnson,"100,000+",Delhi,No,Medium,ssmith@example.net
C00603,45,Male,Samuel Graham,"<25,000",Delhi,No,High,dpeters@example.org
C00604,40,Female,Dr. Mary Anderson,"<25,000",Chennai,Yes,Medium,debbie30@example.org
C00605,75,Male,Candice Keller,"<25,000",Hyderabad,Yes,High,gonzalesjean@example.org
C00606,35,Male,Matthew Rodriguez,"100,000+",Delhi,Yes,Medium,michael10@example.org
C00607,70,Female,Emily Rodriguez,"50,000-74,999",Hyderabad,Yes,Medium,torresmia@example.net
C00608,75,Male,Gene Hall,"<25,000",Hyderabad,Yes,Low,ecampos@example.org
C00609,62,Female,Jennifer Morgan,"25,000-49,999",Delhi,No,Medium,maryschmidt@example.org
C00610,75,Female,Mary Monroe,"25,000-49,999",Mumbai,No,High,halldavid@example.com
C00611,35,Male,Parker Phelps,"25,000-49,999",Bangalore,Yes,Medium,johnsonanita@example.net
C00612,81,Male,Michelle Brown,"100,000+",Mumbai,Yes,High,gutierrezjaime@example.net
C00613,76,Female,Christopher Moore,"75,000-99,999",Delhi,Yes,Medium,kathleen62@example.net
C00614,72,Female,Daniel White,"50,000-74,999",Hyderabad,Yes,Low,ydavis@example.com
C00615,78,Female,Jonathan Scott,"<25,000",Bangalore,Yes,Medium,burnsaustin@example.net
C00616,37,Female,Eric Garrett,"<25,000",Chennai,Yes,Low,brianna82@example.net
C00617,32,Female,Craig Hunter,"<25,000",Bangalore,Yes,Medium,miranda21@example.com
C00618,44,Male,Stephanie Frank,"<25,000",Bangalore,No,High,andrew52@example.org
C00619,43,Female,Brian Sanders,"75,000-99,999",Chennai,Yes,High,trevormartin@example.net
C00620,43,Male,Rachel Montgomery,"50,000-74,999",Mumbai,No,Medium,juliajohnson@example.com
C00621,72,Male,Daniel Holmes,"50,000-74,999",Bangalore,Yes,High,tanderson@example.net
C00622,79,Female,Manuel Williams,"75,000-99,999",Bangalore,No,Low,ilewis@example.com
C00623,83,Female,William Benson,"25,000-49,999",Mumbai,Yes,High,ortizhailey@example.com
C00624,37,Female,Erik Howard,"<25,000",Chennai,Yes,Low,gatesjason@example.org
C00625,21,Male,Kelly Miller,"75,000-99,999",Bangalore,Yes,Medium,marymcfarland@example.org
C00626,42,Male,Nicole Jones,"50,000-74,999",Chennai,Yes,High,chad93@example.com
C00627,75,Female,Marissa Johnston,"75,000-99,999",Mumbai,No,Medium,jdaniels@example.org
C00628,48,Male,Jessica Costa,"25,000-49,999",Chennai,Yes,Low,tdennis@example.org
C00629,78,Male,Juan Kirk,"<25,000",Bangalore,No,High,marshellen@example.org
C00630,52,Male,Erika Smith,"50,000-74,999",Delhi,Yes,Low,jenniferalexander@example.net
C00631,43,Female,Aaron Austin,"25,000-49,999",Delhi,No,Low,uwelch@example.net
C00632,26,Female,Matthew Larsen,"<25,000",Chennai,Yes,Low,zrodriguez@example.com
C00633,58,Male,Ronnie Lee,"100,000+",Bangalore,Yes,Low,elizabeth69@example.com
C00634,60,Male,Courtney Chavez,"<25,000",Chennai,Yes,Medium,bdavis@example.com
C00635,74,Female,Alexandra Sparks,"100,000+",Chennai,No,High,annagallegos@example.net
C00636,80,Male,Daniel Walker,"25,000-49,999",Mumbai,No,High,matthewcastro@example.com
C00637,34,Female,Kimberly Moyer,"<25,000",Delhi,No,Medium,kendra71@example.com
C00638,80,Female,Kristen Cervantes,"25,000-49,999",Delhi,Yes,Low,atkinsoncolleen@example.com
C00639,67,Male,Timothy Gonzalez,"75,000-99,999",Bangalore,No,Low,qortiz@example.com
C00640,50,Male,Kaylee Thompson,"50,000-74,999",Hyderabad,No,Low,nicole34@example.org
C00641,22,Male,Mark Richardson,"75,000-99,999",Delhi,Yes,Low,michelle82@example.net
C00642,26,Female,David Brewer,"75,000-99,999",Delhi,No,High,wware@example.net
C00643,58,Male,Daniel Le,"25,000-49,999",Mumbai,Yes,Low,tomholder@example.com
C00644,39,Male,Sarah Thompson,"75,000-99,999",Hyderabad,Yes,High,bhernandez@example.net
C00645,81,Female,Peter Evans,"<25,000",Delhi,No,Low,zachary11@example.com
C00646,67,Female,Jose Marshall II,"50,000-74,999",Delhi,Yes,High,nathanielrice@example.com
C00647,65,Male,Erin Durham,"<25,000",Bangalore,Yes,Medium,bryantroberta@example.org
C00648,28,Female,William Lynn,"100,000+",Hyderabad,Yes,Low,brobinson@example.com
C00649,66,Female,Stefanie Vargas,"25,000-49,999",Delhi,No,Medium,webbwanda@example.net
C00650,32,Male,Steve Shaffer,"50,000-74,999",Delhi,No,Medium,sylviachen@example.org
C00651,75,Female,Bobby Brooks,"75,000-99,999",Bangalore,Yes,High,cunninghamkevin@example.net
C00652,67,Female,Sharon Thomas,"25,000-49,999",Delhi,No,Medium,christinagarcia@example.net
C00653,29,Male,Christina Garrett,"75,000-99,999",Mumbai,Yes,Medium,gbrown@example.net
C00654,23,Female,Carolyn Douglas,"25,000-49,999",Mumbai,Yes,High,taylormolly@example.org
C00655,77,Female,Jessica Moreno,"<25,000",Hyderabad,No,Medium,samuel00@example.net
C00656,56,Male,Larry Ramos,"100,000+",Hyderabad,Yes,Medium,edgar88@example.net
C00657,66,Female,Stephen Chavez,"75,000-99,999",Hyderabad,No,Low,anthony82@example.com
C00658,43,Male,Carolyn Bradley,"<25,000",Mumbai,No,Medium,mvelasquez@example.org
C00659,33,Female,Marcus Wilkins,"25,000-49,999",Hyderabad,No,High,egould@example.net
C00660,23,Male,Rebecca Johnson,"50,000-74,999",Hyderabad,Yes,Low,jimmyandrews@example.com
C00661,47,Female,Matthew Curry,"25,000-49,999",Chennai,No,Low,ryan65@example.net
C00662,75,Male,William Chandler,"100,000+",Chennai,No,High,rlopez@example.com
C00663,71,Male,Nicole Le,"50,000-74,999",Bangalore,No,Low,mark43@example.net
C00664,44,Female,Nicholas Leon,"25,000-49,999",Bangalore,Yes,Medium,michael58@example.net
C00665,31,Female,Brandon Velez,"50,000-74,999",Mumbai,Yes,High,joshuacunningham@example.org
C00666,36,Female,Logan Alvarez,"100,000+",Hyderabad,Yes,Medium,martinezpatrick@example.net
C00667,27,Male,Nichole Levine,"25,000-49,999",Hyderabad,Yes,Low,williamsmargaret@example.net
C00668,46,Female,Jeremy Berg,"50,000-74,999",Chennai,No,Medium,michaelpowell@example.net
C00669,45,Female,Sherri Smith,"50,000-74,999",Delhi,Yes,High,emilystokes@example.net
C00670,21,Male,Danny Mueller,"25,000-49,999",Mumbai,No,Low,bradley13@example.net
C00671,65,Female,Samuel Webb,"25,000-49,999",Bangalore,No,Low,warrenmelody@example.com
C00672,45,Female,Jacqueline Baker,"100,000+",Bangalore,Yes,High,baileymelissa@example.net
C00673,35,Male,Bonnie Webb,"100,000+",Bangalore,Yes,Medium,austin39@example.net
C00674,65,Female,Gary Hawkins,"<25,000",Chennai,Yes,Medium,christy46@example.net
C00675,53,Female,Adam Kelly,"50,000-74,999",Hyderabad,No,Medium,clarkekatrina@example.com
C00676,28,Male,Donna Ortega,"25,000-49,999",Chennai,Yes,Low,rosebruce@example.com
C00677,43,Male,Roger Wilson,"50,000-74,999",Mumbai,Yes,High,wharrison@example.net
C00678,41,Female,Diane Garcia,"75,000-99,999",Chennai,Yes,Low,donaldsanchez@example.org
C00679,30,Female,Jeffrey Perez,"25,000-49,999",Delhi,No,Medium,fmitchell@example.com
C00680,40,Female,Jessica Anderson,"100,000+",Hyderabad,No,Low,larry39@example.org
